TKR,Company Name
SW,Smurfit WestRock plc
CRWD,"CrowdStrike Holdings, Inc."
GDDY,GoDaddy Inc.
KKR,KKR & Co. Inc.
VST,Vistra Corp.
GEV,GE Vernova Inc.
SOLV,Solventum Corporation
DECK,Deckers Outdoor Corporation
SMCI,"Super Micro Computer, Inc."
BLDR,"Builders FirstSource, Inc."
JBL,Jabil Inc.
UBER,"Uber Technologies, Inc."
HUBB,Hubbell Incorporated
LULU,Lululemon Athletica Inc.
VLTO,Veralto Corporation
ABNB,"Airbnb, Inc."
BX,Blackstone Inc.
KVUE,Kenvue Inc.
PANW,"Palo Alto Networks, Inc."
AXON,"Axon Enterprise, Inc."
FICO,Fair Isaac Corporation
BG,Bunge Limited
PODD,Insulet Corporation
GEHC,GE HealthCare Technologies Inc.
STLD,"Steel Dynamics, Inc."
FSLR,"First Solar, Inc."
ACGL,Arch Capital Group Ltd.
TRGP,Targa Resources Corp.
EQT,EQT Corporation
PCG,PG&E Corporation
CSGP,"CoStar Group, Inc."
INVH,Invitation Homes Inc.
KDP,Keurig Dr Pepper Inc.
ON,ON Semiconductor Corporation
VICI,VICI Properties Inc.
WBD,"Warner Bros. Discovery, Inc."
CPT,Camden Property Trust
MOH,"Molina Healthcare, Inc."
NDSN,Nordson Corporation
CEG,Constellation Energy Corporation
FDS,FactSet Research Systems Inc.
EPAM,"EPAM Systems, Inc."
BRO,"Brown & Brown, Inc."
DAY,Dayforce Inc
MTCH,"Match Group, Inc."
TECH,Bio-Techne Corporation
MRNA,"Moderna, Inc."
CRL,"Charles River Laboratories International, Inc."
PTC,PTC Inc.
CZR,"Caesars Entertainment, Inc."
GNRC,Generac Holdings Inc.
NXPI,NXP Semiconductors N.V.
MPWR,"Monolithic Power Systems, Inc."
TRMB,Trimble Inc.
ENPH,"Enphase Energy, Inc."
TSLA,"Tesla, Inc."
POOL,Pool Corporation
CTLT,"Catalent, Inc."
ETSY,"Etsy, Inc."
TER,"Teradyne, Inc."
BIO,"Bio-Rad Laboratories, Inc."
TDY,Teledyne Technologies Incorporated
TYL,"Tyler Technologies, Inc."
WST,"West Pharmaceutical Services, Inc."
DPZ,"Domino's Pizza, Inc."
DXCM,"DexCom, Inc."
CARR,Carrier Global Corporation
OTIS,Otis Worldwide Corporation
IR,Ingersoll Rand Inc.
PAYC,"Paycom Software, Inc."
LYV,"Live Nation Entertainment, Inc."
STE,STERIS plc
ZBRA,Zebra Technologies Corporation
ODFL,"Old Dominion Freight Line, Inc."
WRB,W. R. Berkley Corporation
NOW,"ServiceNow, Inc."
LVS,Las Vegas Sands Corp.
NVR,"NVR, Inc."
CDW,CDW Corporation
IEX,IDEX Corporation
LDOS,"Leidos Holdings, Inc."
TROW,"T. Rowe Price Group, Inc."
TMUS,"T-Mobile US, Inc."
MKTX,MarketAxess Holdings Inc.
AMCR,Amcor plc
CTVA,"Corteva, Inc."
DD,"DuPont de Nemours, Inc."
DOW,Dow Inc.
FOX,Fox Corporation
FOXA,Fox Corporation
WAB,Westinghouse Air Brake Technologies Corporation
ATO,Atmos Energy Corporation
TFX,Teleflex Incorporated
CE,Celanese Corporation
FANG,"Diamondback Energy, Inc."
LW,"Lamb Weston Holdings, Inc."
JKHY,"Jack Henry & Associates, Inc."
KEYS,"Keysight Technologies, Inc."
FTNT,"Fortinet, Inc."
ROL,"Rollins, Inc."
ANET,"Arista Networks, Inc."
CPRT,"Copart, Inc."
CPAY,"Corpay, Inc."
BR,"Broadridge Financial Solutions, Inc."
EVRG,"Evergy, Inc."
MSCI,MSCI Inc.
TTWO,"Take-Two Interactive Software, Inc."
HII,"Huntington Ingalls Industries, Inc."
NCLH,Norwegian Cruise Line Holdings Ltd.
CDNS,"Cadence Design Systems, Inc."
SBAC,SBA Communications Corporation
IQV,IQVIA Holdings Inc.
AOS,A. O. Smith Corporation
MGM,MGM Resorts International
PKG,Packaging Corporation of America
RMD,ResMed Inc.
BKR,Baker Hughes Company
ALGN,"Align Technology, Inc."
ANSS,"ANSYS, Inc."
EG,"Everest Group, Ltd."
HLT,Hilton Worldwide Holdings Inc.
IT,"Gartner, Inc."
AMD,"Advanced Micro Devices, Inc."
ARE,"Alexandria Real Estate Equities, Inc."
RJF,"Raymond James Financial, Inc."
SRE,Sempra
SNPS,"Synopsys, Inc."
REG,Regency Centers Corporation
CBOE,"Cboe Global Markets, Inc."
INCY,Incyte Corporation
IDXX,"IDEXX Laboratories, Inc."
MAA,"Mid-America Apartment Communities, Inc."
D,"Dominion Energy, Inc."
HWM,Howmet Aerospace Inc.
COO,"The Cooper Companies, Inc."
CHTR,"Charter Communications, Inc."
MTD,Mettler-Toledo International Inc.
ALB,Albemarle Corporation
FTV,Fortive Corporation
LNT,Alliant Energy Corporation
TDG,TransDigm Group Incorporated
AJG,Arthur J. Gallagher & Co.
LKQ,LKQ Corporation
DLR,"Digital Realty Trust, Inc."
GPN,Global Payments Inc.
ULTA,"Ulta Beauty, Inc."
CNC,Centene Corporation
HOLX,"Hologic, Inc."
UDR,"UDR, Inc."
AWK,"American Water Works Company, Inc."
FRT,Federal Realty Investment Trust
CFG,"Citizens Financial Group, Inc."
EXR,Extra Space Storage Inc.
WTW,Willis Towers Watson Public Limited Company
CHD,"Church & Dwight Co., Inc."
SYF,Synchrony Financial
HPE,Hewlett Packard Enterprise Company
VRSK,"Verisk Analytics, Inc."
NWS,News Corporation
UAL,"United Airlines Holdings, Inc."
PYPL,"PayPal Holdings, Inc."
KHC,The Kraft Heinz Company
JBHT,"J.B. Hunt Transport Services, Inc."
QRVO,"Qorvo, Inc."
O,Realty Income Corporation
AAL,American Airlines Group Inc.
EQIX,"Equinix, Inc."
HSIC,"Henry Schein, Inc."
SWKS,"Skyworks Solutions, Inc."
HCA,"HCA Healthcare, Inc."
RCL,Royal Caribbean Cruises Ltd.
UHS,"Universal Health Services, Inc."
URI,"United Rentals, Inc."
MLM,"Martin Marietta Materials, Inc."
AVGO,Broadcom Inc.
GOOGL,Alphabet Inc.
ESS,"Essex Property Trust, Inc."
TSCO,Tractor Supply Company
META,"Meta Platforms, Inc."
MHK,"Mohawk Industries, Inc."
ALLE,Allegion plc
AME,"AMETEK, Inc."
VRTX,Vertex Pharmaceuticals Incorporated
DAL,"Delta Air Lines, Inc."
NWSA,News Corporation
ZTS,Zoetis Inc.
GM,General Motors Company
REGN,"Regeneron Pharmaceuticals, Inc."
ABBV,AbbVie Inc.
APTV,Aptiv PLC
GRMN,Garmin Ltd.
HUM,Humana Inc.
DG,Dollar General Corporation
MDLZ,"Mondelez International, Inc."
PNR,Pentair plc
LYB,LyondellBasell Industries N.V.
STX,Seagate Technology Holdings plc
LRCX,Lam Research Corporation
MNST,Monster Beverage Corporation
KMI,"Kinder Morgan, Inc."
PSX,Phillips 66
CCI,Crown Castle Inc.
BWA,BorgWarner Inc.
DLTR,"Dollar Tree, Inc."
XYL,Xylem Inc.
TEL,TE Connectivity Ltd.
MOS,The Mosaic Company
ACN,Accenture plc
FCX,Freeport-McMoRan Inc.
MPC,Marathon Petroleum Corporation
CMG,"Chipotle Mexican Grill, Inc."
BLK,"BlackRock, Inc."
EW,Edwards Lifesciences Corporation
FFIV,"F5, Inc."
NFLX,"Netflix, Inc."
TT,Trane Technologies plc
JCI,Johnson Controls International plc
CB,Chubb Limited
KMX,"CarMax, Inc."
OKE,"ONEOK, Inc."
BRK-B,Berkshire Hathaway Inc.
NRG,"NRG Energy, Inc."
ROP,"Roper Technologies, Inc."
ROST,"Ross Stores, Inc."
V,Visa Inc.
BKNG,Booking Holdings Inc.
FMC,FMC Corporation
ES,Eversource Energy
PWR,"Quanta Services, Inc."
WDC,Western Digital Corporation
ORLY,"O'Reilly Automotive, Inc."
HRL,Hormel Foods Corporation
VTR,"Ventas, Inc."
WELL,Welltower Inc.
IRM,Iron Mountain Incorporated
RSG,"Republic Services, Inc."
WYNN,"Wynn Resorts, Limited"
SJM,The J. M. Smucker Company
WEC,"WEC Energy Group, Inc."
NDAQ,"Nasdaq, Inc."
APH,Amphenol Corporation
LHX,"L3Harris Technologies, Inc."
CRM,"Salesforce, Inc."
FAST,Fastenal Company
CF,"CF Industries Holdings, Inc."
IVZ,Invesco Ltd.
DVA,DaVita Inc.
MA,Mastercard Incorporated
CTRA,Coterra Energy Inc.
ISRG,"Intuitive Surgical, Inc."
DOC,"Healthpeak Properties, Inc."
PM,Philip Morris International Inc.
AMT,American Tower Corporation
J,Jacobs Engineering Group Inc.
EXPD,"Expeditors International of Washington, Inc."
EXPE,"Expedia Group, Inc."
ICE,"Intercontinental Exchange, Inc."
MCHP,Microchip Technology Incorporated
AKAM,"Akamai Technologies, Inc."
DFS,Discover Financial Services
AIZ,"Assurant, Inc."
HST,"Host Hotels & Resorts, Inc."
CHRW,"C.H. Robinson Worldwide, Inc."
RL,Ralph Lauren Corporation
AVB,"AvalonBay Communities, Inc."
CTSH,Cognizant Technology Solutions Corporation
CBRE,"CBRE Group, Inc."
FIS,"Fidelity National Information Services, Inc."
CME,CME Group Inc.
JNPR,"Juniper Networks, Inc."
KIM,Kimco Realty Corporation
BXP,"Boston Properties, Inc."
GOOG,Alphabet Inc.
VRSN,"VeriSign, Inc."
EL,The Estée Lauder Companies Inc.
AMZN,"Amazon.com, Inc."
LEN,Lennar Corporation
AMP,"Ameriprise Financial, Inc."
PSA,Public Storage
TSN,"Tyson Foods, Inc."
STZ,"Constellation Brands, Inc."
DHI,"D.R. Horton, Inc."
LH,Laboratory Corporation of America Holdings
TPR,"Tapestry, Inc."
TMO,Thermo Fisher Scientific Inc.
GILD,"Gilead Sciences, Inc."
VTRS,Viatris Inc.
MTB,M&T Bank Corporation
BIIB,Biogen Inc.
PLD,"Prologis, Inc."
GEN,Gen Digital Inc.
MKC,"McCormick & Company, Incorporated"
STT,State Street Corporation
VLO,Valero Energy Corporation
DGX,Quest Diagnostics Incorporated
CMCSA,Comcast Corporation
TRV,"The Travelers Companies, Inc."
ELV,Elevance Health Inc.
EA,Electronic Arts Inc.
EBAY,eBay Inc.
GS,"The Goldman Sachs Group, Inc."
PFG,"Principal Financial Group, Inc."
PRU,"Prudential Financial, Inc."
UPS,"United Parcel Service, Inc."
SPG,"Simon Property Group, Inc."
WAT,Waters Corporation
EQR,Equity Residential
NVDA,NVIDIA Corporation
PPL,PPL Corporation
COR,Cencora
ZBH,"Zimmer Biomet Holdings, Inc."
FI,"Fiserv, Inc."
TXN,Texas Instruments Incorporated
CTAS,Cintas Corporation
SYK,Stryker Corporation
MET,"MetLife, Inc."
INTU,Intuit Inc.
EOG,"EOG Resources, Inc."
NI,NiSource Inc.
DVN,Devon Energy Corporation
SBUX,Starbucks Corporation
A,"Agilent Technologies, Inc."
ROK,"Rockwell Automation, Inc."
USB,U.S. Bancorp
ADI,"Analog Devices, Inc."
PNW,Pinnacle West Capital Corporation
QCOM,QUALCOMM Incorporated
VMC,Vulcan Materials Company
BBY,"Best Buy Co., Inc."
NTAP,"NetApp, Inc."
AFL,Aflac Incorporated
MCK,McKesson Corporation
CCL,Carnival Corporation & plc
DHR,Danaher Corporation
AES,The AES Corporation
PAYX,"Paychex, Inc."
WM,"Waste Management, Inc."
RF,Regions Financial Corporation
COF,Capital One Financial Corporation
MCO,Moody's Corporation
MAR,"Marriott International, Inc."
BEN,"Franklin Resources, Inc."
NTRS,Northern Trust Corporation
OMC,Omnicom Group Inc.
CINF,Cincinnati Financial Corporation
TFC,Truist Financial Corporation
FE,FirstEnergy Corp.
YUM,"Yum! Brands, Inc."
KLAC,KLA Corporation
HBAN,Huntington Bancshares Incorporated
PGR,The Progressive Corporation
APA,APA Corporation
EFX,Equifax Inc.
SCHW,The Charles Schwab Corporation
CAH,"Cardinal Health, Inc."
ADBE,Adobe Inc.
AZO,"AutoZone, Inc."
AON,Aon plc
FITB,Fifth Third Bancorp
ALL,The Allstate Corporation
DRI,"Darden Restaurants, Inc."
L,Loews Corporation
BK,The Bank of New York Mellon Corporation
AMAT,"Applied Materials, Inc."
GLW,Corning Incorporated
BSX,Boston Scientific Corporation
PARA,Paramount Global
MU,"Micron Technology, Inc."
LUV,Southwest Airlines Co.
UNH,UnitedHealth Group Incorporated
MSFT,Microsoft Corporation
KEY,KeyCorp
EMN,Eastman Chemical Company
CSCO,"Cisco Systems, Inc."
COST,Costco Wholesale Corporation
MS,Morgan Stanley
IPG,"The Interpublic Group of Companies, Inc."
LIN,Linde plc
AMGN,Amgen Inc.
AEE,Ameren Corporation
ADSK,"Autodesk, Inc."
K,Kellanova
ORCL,Oracle Corporation
GL,Globe Life Inc.
ECL,Ecolab Inc.
NKE,"NIKE, Inc."
C,Citigroup Inc.
PNC,"The PNC Financial Services Group, Inc."
HD,"The Home Depot, Inc."
AVY,Avery Dennison Corporation
MMC,"Marsh & McLennan Companies, Inc."
SYY,Sysco Corporation
MDT,Medtronic plc
ITW,Illinois Tool Works Inc.
PH,Parker-Hannifin Corporation
DOV,Dover Corporation
TJX,"The TJX Companies, Inc."
CNP,"CenterPoint Energy, Inc."
RVTY,"Revvity, Inc."
APD,"Air Products and Chemicals, Inc."
NUE,Nucor Corporation
BALL,Ball Corporation
HAS,"Hasbro, Inc."
HES,Hess Corporation
PHM,"PulteGroup, Inc."
LOW,"Lowe's Companies, Inc."
T,AT&T Inc.
VZ,Verizon Communications Inc.
BBWI,"Bath & Body Works, Inc."
CAG,"Conagra Brands, Inc."
AAPL,Apple Inc.
BF-B,Brown-Forman Corporation
SNA,Snap-on Incorporated
SWK,"Stanley Black & Decker, Inc."
WMT,Walmart Inc.
GWW,"W.W. Grainger, Inc."
MAS,Masco Corporation
ADP,"Automatic Data Processing, Inc."
FDX,FedEx Corporation
PCAR,PACCAR Inc
AIG,"American International Group, Inc."
WBA,"Walgreens Boots Alliance, Inc."
WY,Weyerhaeuser Company
TXT,Textron Inc.
INTC,Intel Corporation
TGT,Target Corporation
AXP,American Express Company
BAC,Bank of America Corporation
CI,Cigna Corporation
DIS,The Walt Disney Company
DUK,Duke Energy Corporation
NEE,"NextEra Energy, Inc."
TAP,Molson Coors Beverage Company
WFC,Wells Fargo & Company
IFF,International Flavors & Fragrances Inc.
JPM,JPMorgan Chase & Co.
WMB,"The Williams Companies, Inc."
HPQ,HP Inc.
GPC,Genuine Parts Company
JNJ,Johnson & Johnson
BAX,Baxter International Inc.
BDX,"Becton, Dickinson and Company"
LLY,Eli Lilly and Company
MCD,McDonald's Corporation
NEM,Newmont Corporation
CLX,The Clorox Company
CMI,Cummins Inc.
EMR,Emerson Electric Co.
SHW,The Sherwin-Williams Company
ABT,Abbott Laboratories
ADM,Archer-Daniels-Midland Company
AEP,"American Electric Power Company, Inc."
BA,The Boeing Company
BMY,Bristol-Myers Squibb Company
CAT,Caterpillar Inc.
CL,Colgate-Palmolive Company
CMS,CMS Energy Corporation
COP,ConocoPhillips
CPB,Campbell Soup Company
CSX,CSX Corporation
CVS,CVS Health Corporation
CVX,Chevron Corporation
DE,Deere & Company
DTE,DTE Energy Company
ED,"Consolidated Edison, Inc."
EIX,Edison International
ETN,Eaton Corporation plc
ETR,Entergy Corporation
EXC,Exelon Corporation
F,Ford Motor Company
GD,General Dynamics Corporation
GE,General Electric Company
GIS,"General Mills, Inc."
HAL,Halliburton Company
HIG,"The Hartford Financial Services Group, Inc."
HON,Honeywell International Inc.
HSY,The Hershey Company
IBM,International Business Machines Corporation
IP,International Paper Company
KMB,Kimberly-Clark Corporation
KO,The Coca-Cola Company
KR,The Kroger Co.
LMT,Lockheed Martin Corporation
MMM,3M Company
MO,"Altria Group, Inc."
MRK,"Merck & Co., Inc."
MRO,Marathon Oil Corporation
MSI,"Motorola Solutions, Inc."
NOC,Northrop Grumman Corporation
NSC,Norfolk Southern Corporation
OXY,Occidental Petroleum Corporation
PEG,Public Service Enterprise Group Incorporated
PEP,"PepsiCo, Inc."
PFE,Pfizer Inc.
PG,The Procter & Gamble Company
PPG,"PPG Industries, Inc."
RTX,RTX Corporation
SLB,Schlumberger Limited
SO,The Southern Company
SPGI,S&P Global Inc.
UNP,Union Pacific Corporation
XEL,Xcel Energy Inc.
XOM,Exxon Mobil Corporation
ARM,Arm Holdings plc American Depositary Shares
ASML,ASML Holding N.V.
AZN,AstraZeneca PLC
CCEP,Coca-Cola Europacific Partners PLC
DASH,"DoorDash, Inc."
DDOG,"Datadog, Inc."
GFS,GLOBALFOUNDRIES Inc.
ILMN,"Illumina, Inc."
MDB,"MongoDB, Inc."
MELI,"MercadoLibre, Inc."
MRVL,"Marvell Technology, Inc."
PDD,PDD Holdings Inc.
TEAM,Atlassian Corporation
TTD,"The Trade Desk, Inc."
WDAY,"Workday, Inc."
ZS,"Zscaler, Inc."
WIFUSD,dogwifhat USD
SUIUSD,Sui USD
APTUSD,Aptos USD
ENAUSD,Ethena USD
UNIUSD,Uniswap USD
LUNCUSD,Terra Classic USD
ENSUSD,Ethereum Name Service USD
FLOKIUSD,FLOKI USD
SHIBUSD,Shiba Inu USD
PEPEUSD,PEPEGOLD USD
NEARUSD,NEAR Protocol USD
AAVEUSD,Aave USD
MATICUSD,Polygon USD
DOGEUSD,Dogecoin USD
BONKUSD,Bonk USD
CROUSD,Cronos USD
BGBUSD,Bitget Token USD
USDCUSD,USD Coin USD
AVAXUSD,Avalanche USD
SOLUSD,Solana USD
TRXUSD,TRON USD
DOTUSD,Polkadot USD
LINKUSD,Chainlink USD
WRXUSD,WazirX USD
RAYUSD,Raydium USD
BNBUSD,BNB USD
BTCUSD,Bitcoin USD
ETHUSD,Ethereum USD
ADAUSD,Cardano USD
XRPUSD,XRP USD
USDTUSD,Tether USDt USD
MOGUSD,MOG Coin USD
FETUSD,Fetch.ai USD
TONUSD,Toncoin USD
ESUSD,E-Mini S&P 500
ZMUSD,Soybean Meal Futures
ZQUSD,30 Day Fed Fund Futures
ALIUSD,Aluminum Futures
ZBUSD,30 Year U.S. Treasury Bond Futures
GCUSD,Gold Futures
ZLUSX,Soybean Oil Futures
KEUSX,Wheat Futures
ZFUSD,Five-Year US Treasury Note
PLUSD,Platinum
SILUSD,Micro Silver Futures
HEUSX,Lean Hogs Futures
ZCUSX,Corn Futures
ZOUSX,Oat Futures
SBUSX,Sugar
CTUSX,Cotton
MGCUSD,Micro Gold Futures
SIUSD,Silver Futures
DXUSD,US Dollar
ZSUSX,Soybean Futures
LBUSD,Lumber Futures
LEUSX,Live Cattle Futures
NGUSD,Natural Gas
CLUSD,Crude Oil
OJUSX,Orange Juice
KCUSX,Coffee
HGUSD,Copper
GFUSX,Feeder Cattle Futures
ZTUSD,2-Year T-Note Futures
ZRUSD,Rough Rice Futures
PAUSD,Palladium
CCUSD,Cocoa
NQUSD,Nasdaq 100
ZNUSD,10-Year T-Note Futures
RTYUSD,Micro E-mini Russell 2000 Index Futures
BZUSD,Brent Crude Oil
DCUSD,Class III Milk Futures
YMUSD,Mini Dow Jones Industrial Average Index
RBUSD,Gasoline RBOB
HOUSD,Heating Oil
ACHR,Archer Aviation Inc.
ADPT,Adaptive Biotechnologies Corporation
ACEL,"Accel Entertainment, Inc."
ACRS,"Aclaris Therapeutics, Inc."
ABG,"Asbury Automotive Group, Inc."
ACT,"Enact Holdings, Inc."
ACTG,Acacia Research Corporation
AAN,"The Aaron's Company, Inc."
ACRE,Ares Commercial Real Estate Corporation
ACIW,"ACI Worldwide, Inc."
ACA,"Arcosa, Inc."
AADI,"Aadi Bioscience, Inc."
ACET,"Adicet Bio, Inc."
ADMA,"ADMA Biologics, Inc."
ABCB,Ameris Bancorp
ACDC,ProFrac Holding Corp.
AAON,"AAON, Inc."
ACLS,"Axcelis Technologies, Inc."
ACRV,"Acrivon Therapeutics, Inc. Common Stock"
ACMR,"ACM Research, Inc."
ABR,"Arbor Realty Trust, Inc."
ACNB,ACNB Corporation
ACCO,ACCO Brands Corporation
ADNT,Adient plc
ACAD,ACADIA Pharmaceuticals Inc.
ACCD,"Accolade, Inc."
ACVA,ACV Auctions Inc.
ACIC,American Coastal Insurance Corporation
ADEA,Adeia Inc.
ACLX,"Arcellx, Inc."
ABM,ABM Industries Incorporated
AAT,"American Assets Trust, Inc."
ABUS,Arbutus Biopharma Corporation
AGS,"PlayAGS, Inc."
AGX,"Argan, Inc."
AESI,Atlas Energy Solutions Inc.
ADUS,Addus HomeCare Corporation
ADV,Advantage Solutions Inc.
AFRI,Forafric Global PLC
AGIO,"Agios Pharmaceuticals, Inc."
AEL,American Equity Investment Life Holding Company
AFCG,"AFC Gamma, Inc."
AGTI,"Agiliti, Inc."
ADTN,"ADTRAN Holdings, Inc."
AGM,Federal Agricultural Mortgage Corporation
AEVA,"Aeva Technologies, Inc."
AEHR,Aehr Test Systems
AEO,"American Eagle Outfitters, Inc."
AGEN,Agenus Inc.
AEIS,"Advanced Energy Industries, Inc."
AGYS,"Agilysys, Inc."
AHCO,AdaptHealth Corp.
AIR,AAR Corp.
AIRS,"AirSculpt Technologies, Inc."
AIT,"Applied Industrial Technologies, Inc."
AKTS,"Akoustis Technologies, Inc."
AKR,Acadia Realty Trust
AKYA,"Akoya Biosciences, Inc."
AI,"C3.ai, Inc."
ALIT,"Alight, Inc."
ALG,Alamo Group Inc.
ALHC,"Alignment Healthcare, Inc."
AHH,"Armada Hoffler Properties, Inc."
ALCO,"Alico, Inc."
ALE,"ALLETE, Inc."
ALDX,"Aldeyra Therapeutics, Inc."
ALEX,"Alexander & Baldwin, Inc."
ALLK,Allakos Inc.
ALEC,"Alector, Inc."
ALKS,Alkermes plc
ALKT,"Alkami Technology, Inc."
ALTI,"AlTi Global, Inc."
ALPN,"Alpine Immune Sciences, Inc."
ALRM,"Alarm.com Holdings, Inc."
ALGT,Allegiant Travel Company
ALNT,Allient Inc.
ALTR,Altair Engineering Inc.
AIN,Albany International Corp.
ALTM,Arcadium Lithium plc
ALRS,Alerus Financial Corporation
ALVR,"AlloVir, Inc."
ALLO,"Allogene Therapeutics, Inc."
ALX,"Alexander's, Inc."
AMBA,"Ambarella, Inc."
AKRO,"Akero Therapeutics, Inc."
AMAL,Amalgamated Financial Corp.
ALT,"Altimmune, Inc."
ALTG,Alta Equipment Group Inc.
AMLX,"Amylyx Pharmaceuticals, Inc."
AIV,Apartment Investment and Management Company
AMEH,"Apollo Medical Holdings, Inc."
AMKR,"Amkor Technology, Inc."
AMBC,"Ambac Financial Group, Inc."
AMK,"AssetMark Financial Holdings, Inc."
ALXO,ALX Oncology Holdings Inc.
AMCX,AMC Networks Inc.
AMN,"AMN Healthcare Services, Inc."
AMNB,American National Bankshares Inc.
AMPH,"Amphastar Pharmaceuticals, Inc."
AMPX,"Amprius Technologies, Inc."
AMPL,"Amplitude, Inc."
AMPY,Amplify Energy Corp.
AMRC,"Ameresco, Inc."
AMRK,"A-Mark Precious Metals, Inc."
AMR,"Alpha Metallurgical Resources, Inc."
AMSF,"AMERISAFE, Inc."
ANAB,"AnaptysBio, Inc."
AMWL,American Well Corporation
AMSWA,"American Software, Inc."
AMRX,"Amneal Pharmaceuticals, Inc."
ANDE,"The Andersons, Inc."
AMPS,"Altus Power, Inc."
ANIP,"ANI Pharmaceuticals, Inc."
ANIK,"Anika Therapeutics, Inc."
ANGO,"AngioDynamics, Inc."
AORT,"Artivion, Inc."
AMTB,Amerant Bancorp Inc.
APG,APi Group Corporation
ANF,Abercrombie & Fitch Co.
APGE,"Apogee Therapeutics, Inc."
AMWD,American Woodmark Corporation
ANNX,"Annexon, Inc."
APPN,Appian Corporation
APPF,"AppFolio, Inc."
ARCB,ArcBest Corporation
ARCT,Arcturus Therapeutics Holdings Inc.
APPS,"Digital Turbine, Inc."
AOMR,"Angel Oak Mortgage, Inc."
ARI,"Apollo Commercial Real Estate Finance, Inc."
ARDX,"Ardelyx, Inc."
APLE,"Apple Hospitality REIT, Inc."
ARAY,Accuray Incorporated
APLD,Applied Digital Corporation
AOSL,Alpha and Omega Semiconductor Limited
APAM,Artisan Partners Asset Management Inc.
ARLO,"Arlo Technologies, Inc."
ARIS,"Aris Water Solutions, Inc."
APOG,"Apogee Enterprises, Inc."
ARKO,Arko Corp.
ARL,"American Realty Investors, Inc."
ARCH,"Arch Resources, Inc."
AROW,Arrow Financial Corporation
ARR,"ARMOUR Residential REIT, Inc."
AROC,"Archrock, Inc."
ASB,Associated Banc-Corp
ARQT,"Arcutis Biotherapeutics, Inc."
ARVN,"Arvinas, Inc."
ARRY,"Array Technologies, Inc."
ASAN,"Asana, Inc."
ARTNA,Artesian Resources Corporation
ASO,"Academy Sports and Outdoors, Inc."
ASGN,ASGN Incorporated
ASIX,AdvanSix Inc.
ASC,Ardmore Shipping Corporation
ASPN,"Aspen Aerogels, Inc."
ASLE,AerSale Corporation
ATEC,"Alphatec Holdings, Inc."
ARWR,"Arrowhead Pharmaceuticals, Inc."
ASRT,"Assertio Holdings, Inc."
ASTS,"AST SpaceMobile, Inc."
ASTE,"Astec Industries, Inc."
ATLO,Ames National Corporation
ATMU,Atmus Filtration Technologies Inc.
ATKR,Atkore Inc.
ASUR,"Asure Software, Inc."
ATLC,Atlanticus Holdings Corporation
ATGE,Adtalem Global Education Inc.
ATEX,Anterix Inc.
ATNM,"Actinium Pharmaceuticals, Inc."
ATEN,"A10 Networks, Inc."
ATNI,"ATN International, Inc."
ATRA,"Atara Biotherapeutics, Inc."
ATXS,"Astria Therapeutics, Inc."
ATRC,"AtriCure, Inc."
ATRI,Atrion Corporation
ATRO,Astronics Corporation
AURA,"Aura Biosciences, Inc."
ATSG,"Air Transport Services Group, Inc."
AUPH,Aurinia Pharmaceuticals Inc.
AVD,American Vanguard Corporation
ATOM,Atomera Incorporated
AVAH,Aveanna Healthcare Holdings Inc.
ATI,ATI Inc.
AVNT,Avient Corporation
AUB,Atlantic Union Bankshares Corporation
AVIR,"Atea Pharmaceuticals, Inc."
AVNS,"Avanos Medical, Inc."
AVAV,"AeroVironment, Inc."
AVDX,"AvidXchange Holdings, Inc."
AVNW,"Aviat Networks, Inc."
AVA,Avista Corporation
AUR,"Aurora Innovation, Inc."
AVO,"Mission Produce, Inc."
AVTE,"Aerovate Therapeutics, Inc."
AXGN,"AxoGen, Inc."
AVXL,Anavex Life Sciences Corp.
AWR,American States Water Company
AVPT,"AvePoint, Inc."
AXL,"American Axle & Manufacturing Holdings, Inc."
AXNX,"Axonics, Inc."
AX,"Axos Financial, Inc."
B,Barnes Group Inc.
AZZ,AZZ Inc.
BANF,BancFirst Corporation
BANC,"Banc of California, Inc."
BARK,"BARK, Inc."
BATRK,The Liberty Braves Group
BANR,Banner Corporation
BALY,Bally's Corporation
BBAI,"BigBear.ai Holdings, Inc."
BATRA,The Liberty Braves Group
AXSM,"Axsome Therapeutics, Inc."
BCBP,"BCB Bancorp, Inc."
BBCP,"Concrete Pumping Holdings, Inc."
BBUC,Brookfield Business Corporation
BASE,"Couchbase, Inc."
BCAB,"BioAtla, Inc."
BAND,Bandwidth Inc.
BBIO,"BridgeBio Pharma, Inc."
BCML,BayCom Corp
BCC,Boise Cascade Company
BBSI,"Barrett Business Services, Inc."
BBW,"Build-A-Bear Workshop, Inc."
BCPC,Balchem Corporation
BDC,Belden Inc.
BE,Bloom Energy Corporation
BCO,The Brink's Company
BDN,Brandywine Realty Trust
BEAM,Beam Therapeutics Inc.
BCOV,Brightcove Inc.
BFS,"Saul Centers, Inc."
BCRX,"BioCryst Pharmaceuticals, Inc."
BECN,"Beacon Roofing Supply, Inc."
BELFB,Bel Fuse Inc.
BFC,Bank First Corporation
BGFV,Big 5 Sporting Goods Corporation
BGC,"BGC Group, Inc"
BGS,"B&G Foods, Inc."
BHR,Braemar Hotels & Resorts Inc.
BHE,"Benchmark Electronics, Inc."
BFST,"Business First Bancshares, Inc."
BH,Biglari Holdings Inc.
BHRB,Burke & Herbert Bank & Trust Company
BFH,"Bread Financial Holdings, Inc."
BFLY,"Butterfly Network, Inc."
BHIL,"Benson Hill, Inc."
BHVN,Biohaven Pharmaceutical Holding Company Ltd.
BGXX,Bright Green Corporation
BHLB,"Berkshire Hills Bancorp, Inc."
BHB,Bar Harbor Bankshares
BIG,"Big Lots, Inc."
BIGC,"BigCommerce Holdings, Inc."
BJRI,"BJ's Restaurants, Inc."
BIRD,"Allbirds, Inc."
BIPC,Brookfield Infrastructure Corporation
BKSY,BlackSky Technology Inc.
BKH,Black Hills Corporation
BKD,Brookdale Senior Living Inc.
BL,"BlackLine, Inc."
BLBD,Blue Bird Corporation
BKE,"The Buckle, Inc."
BLDE,"Blade Air Mobility, Inc."
BKU,"BankUnited, Inc."
BKKT,"Bakkt Holdings, Inc."
BLKB,"Blackbaud, Inc."
BLMN,"Bloomin' Brands, Inc."
BLUE,"bluebird bio, Inc."
BMBL,Bumble Inc.
BLX,"Banco Latinoamericano de Comercio Exterior, S. A."
BLFY,Blue Foundry Bancorp
BMRC,Bank of Marin Bancorp
BOC,Boston Omaha Corporation
BNL,"Broadstone Net Lease, Inc."
BLFS,"BioLife Solutions, Inc."
BLNK,Blink Charging Co.
BMI,"Badger Meter, Inc."
BMEA,"Biomea Fusion, Inc."
BOH,Bank of Hawaii Corporation
BOWL,Bowlero Corp.
BOX,"Box, Inc."
BOOM,DMC Global Inc.
BOOT,"Boot Barn Holdings, Inc."
BRKL,"Brookline Bancorp, Inc."
BRBS,"Blue Ridge Bankshares, Inc."
BPRN,The Bank of Princeton
BORR,Borr Drilling Limited
BPMC,Blueprint Medicines Corporation
BRBR,"BellRing Brands, Inc."
BRCC,BRC Inc.
BRP,"BRP Group, Inc."
BRSP,"BrightSpire Capital, Inc."
BSVN,Bank7 Corp.
BRZE,"Braze, Inc."
BTAI,"BioXcel Therapeutics, Inc."
BRY,Berry Corporation
BRT,BRT Apartments Corp.
BTBT,"Bit Digital, Inc."
BSIG,BrightSphere Investment Group Inc.
BTMD,biote Corp.
BSRR,Sierra Bancorp
BTU,Peabody Energy Corporation
BV,"BrightView Holdings, Inc."
BUSE,First Busey Corporation
BW,"Babcock & Wilcox Enterprises, Inc."
BXC,BlueLinx Holdings Inc.
BWB,"Bridgewater Bancshares, Inc."
BWFG,"Bankwell Financial Group, Inc."
CABA,"Cabaletta Bio, Inc."
BY,"Byline Bancorp, Inc."
BWMN,Bowman Consulting Group Ltd.
CAC,Camden National Corporation
BXMT,"Blackstone Mortgage Trust, Inc."
BYND,"Beyond Meat, Inc."
BZH,"Beazer Homes USA, Inc."
BYON,"Beyond, Inc."
CARE,"Carter Bankshares, Inc."
CADE,Cadence Bank
CALX,"Calix, Inc."
CALM,"Cal-Maine Foods, Inc."
CAKE,The Cheesecake Factory Incorporated
CASH,"Pathward Financial, Inc."
CAL,"Caleres, Inc."
CARA,"Cara Therapeutics, Inc."
CARM,"Carisma Therapeutics, Inc."
CARS,Cars.com Inc.
CATO,The Cato Corporation
CARG,"CarGurus, Inc."
CASS,"Cass Information Systems, Inc."
CBT,Cabot Corporation
CBNK,"Capital Bancorp, Inc."
CATY,Cathay General Bancorp
CBL,"CBL & Associates Properties, Inc."
CBAY,"CymaBay Therapeutics, Inc."
CBRL,"Cracker Barrel Old Country Store, Inc."
CBAN,"Colony Bankcorp, Inc."
CCBG,"Capital City Bank Group, Inc."
CBZ,"CBIZ, Inc."
CCRD,CoreCard Corporation
CATC,Cambridge Bancorp
CBU,"Community Bank System, Inc."
CCB,Coastal Financial Corporation
CCRN,"Cross Country Healthcare, Inc."
CCNE,CNB Financial Corporation
CDE,"Coeur Mining, Inc."
CCOI,"Cogent Communications Holdings, Inc."
CCSI,"Consensus Cloud Solutions, Inc."
CCS,"Century Communities, Inc."
CCO,"Clear Channel Outdoor Holdings, Inc."
CDMO,"Avid Bioservices, Inc."
CDNA,"CareDx, Inc"
CDZI,Cadiz Inc.
CELC,Celcuity Inc.
CDLX,"Cardlytics, Inc."
CDP,COPT Defense Properties
CDXS,"Codexis, Inc."
CENTA,Central Garden & Pet Company
CECO,CECO Environmental Corp.
CEIX,CONSOL Energy Inc.
CENT,Central Garden & Pet Company
CDRE,"Cadre Holdings, Inc."
CEVA,"CEVA, Inc."
CHCO,City Holding Company
CENX,Century Aluminum Company
CERE,"Cerevel Therapeutics Holdings, Inc."
CFFI,C&F Financial Corporation
CHCT,Community Healthcare Trust Incorporated
CHEF,"The Chefs' Warehouse, Inc."
CFFN,"Capitol Federal Financial, Inc."
CERS,Cerus Corporation
CFB,"CrossFirst Bankshares, Inc."
CHRD,Chord Energy Corporation
CHMG,Chemung Financial Corporation
CHGG,"Chegg, Inc."
CGEM,"Cullinan Oncology, Inc."
CHUY,"Chuy's Holdings, Inc."
CIFR,Cipher Mining Inc.
CHX,ChampionX Corporation
CIM,Chimera Investment Corporation
CHRS,"Coherus BioSciences, Inc."
CIO,"City Office REIT, Inc."
CIVB,"Civista Bancshares, Inc."
CIVI,"Civitas Resources, Inc."
CIX,CompX International Inc.
CLDT,Chatham Lodging Trust
CLBK,"Columbia Financial, Inc."
CLAR,Clarus Corporation
CLNE,Clean Energy Fuels Corp.
CLB,Core Laboratories N.V.
CLFD,"Clearfield, Inc."
CLPT,"ClearPoint Neuro, Inc."
CLDX,"Celldex Therapeutics, Inc."
CMAX,"CareMax, Inc."
CLMB,"Climb Global Solutions, Inc."
CLW,Clearwater Paper Corporation
CMC,Commercial Metals Company
CMCO,Columbus McKinnon Corporation
CLSK,"CleanSpark, Inc."
CMPX,"Compass Therapeutics, Inc."
CMCL,Caledonia Mining Corporation Plc
CMP,"Compass Minerals International, Inc."
CMBM,Cambium Networks Corporation
CLPR,Clipper Realty Inc.
CMPO,"CompoSecure, Inc."
CMT,"Core Molding Technologies, Inc."
CMRE,Costamare Inc.
CNK,"Cinemark Holdings, Inc."
CMTG,"Claros Mortgage Trust, Inc."
CMTL,Comtech Telecommunications Corp.
CMPR,Cimpress plc
CNDT,Conduent Incorporated
CNNE,"Cannae Holdings, Inc."
CNO,"CNO Financial Group, Inc."
CNMD,CONMED Corporation
CNSL,"Consolidated Communications Holdings, Inc."
CNTY,"Century Casinos, Inc."
CNS,"Cohen & Steers, Inc."
CNOB,"ConnectOne Bancorp, Inc."
COGT,"Cogent Biosciences, Inc."
COCO,"The Vita Coco Company, Inc."
COMM,"CommScope Holding Company, Inc."
COHU,"Cohu, Inc."
COFS,"ChoiceOne Financial Services, Inc."
CODI,Compass Diversified
CNX,CNX Resources Corporation
COLL,"Collegium Pharmaceutical, Inc."
CNXN,"PC Connection, Inc."
COKE,"Coca-Cola Consolidated, Inc."
COOP,Mr. Cooper Group Inc.
COMP,"Compass, Inc."
CPE,Callon Petroleum Company
COUR,"Coursera, Inc."
COOK,"Traeger, Inc."
CPF,Central Pacific Financial Corp.
CPSI,"Computer Programs and Systems, Inc."
CPSS,"Consumer Portfolio Services, Inc."
CPS,Cooper-Standard Holdings Inc.
CORT,Corcept Therapeutics Incorporated
CPK,Chesapeake Utilities Corporation
CRBU,"Caribou Biosciences, Inc."
CPRX,"Catalyst Pharmaceuticals, Inc."
CRAI,"CRA International, Inc."
CRCT,"Cricut, Inc."
CRGY,Crescent Energy Company
CRDO,Credo Technology Group Holding Ltd
CRNX,"Crinetics Pharmaceuticals, Inc."
CRNC,Cerence Inc.
CRK,"Comstock Resources, Inc."
CRMD,CorMedix Inc.
CRMT,"America's Car-Mart, Inc."
CRC,California Resources Corporation
CRS,Carpenter Technology Corporation
CSTM,Constellium SE
CSR,Centerspace
CSTR,"CapStar Financial Holdings, Inc."
CSWI,"CSW Industrials, Inc."
CSTL,"Castle Biosciences, Inc."
CSGS,"CSG Systems International, Inc."
CTKB,"Cytek Biosciences, Inc."
CTBI,"Community Trust Bancorp, Inc."
CRVL,CorVel Corporation
CSV,"Carriage Services, Inc."
CRSR,"Corsair Gaming, Inc."
CTO,"CTO Realty Growth, Inc."
CTS,CTS Corporation
CURV,Torrid Holdings Inc.
CTOS,"Custom Truck One Source, Inc."
CTLP,"Cantaloupe, Inc."
CTRE,"CareTrust REIT, Inc."
CTXR,"Citius Pharmaceuticals, Inc."
CUE,"Cue Biopharma, Inc."
CTGO,"Contango Ore, Inc."
CVCO,"Cavco Industries, Inc."
CUBI,"Customers Bancorp, Inc."
CVGW,"Calavo Growers, Inc."
CUTR,"Cutera, Inc."
CVBF,CVB Financial Corp.
CVI,"CVR Energy, Inc."
CVCY,Central Valley Community Bancorp
CVGI,"Commercial Vehicle Group, Inc."
CVLT,"Commvault Systems, Inc."
CVLY,"Codorus Valley Bancorp, Inc."
CVRX,"CVRx, Inc."
CWCO,Consolidated Water Co. Ltd.
CWH,"Camping World Holdings, Inc."
CVNA,Carvana Co.
CWK,Cushman & Wakefield plc
CVLG,"Covenant Logistics Group, Inc."
CXM,"Sprinklr, Inc."
CWST,"Casella Waste Systems, Inc."
CYH,"Community Health Systems, Inc."
CWT,California Water Service Group
CXW,"CoreCivic, Inc."
DAKT,"Daktronics, Inc."
CZFS,"Citizens Financial Services, Inc."
DBRG,"DigitalBridge Group, Inc."
DBI,Designer Brands Inc.
CYRX,"Cryoport, Inc."
DAN,Dana Incorporated
CZNC,Citizens & Northern Corporation
CYTK,"Cytokinetics, Incorporated"
DCGO,DocGo Inc.
DAWN,"Day One Biopharmaceuticals, Inc."
DC,Dakota Gold Corp.
DDS,"Dillard's, Inc."
DENN,Denny's Corporation
DEI,"Douglas Emmett, Inc."
DCO,Ducommun Incorporated
DFIN,"Donnelley Financial Solutions, Inc."
DCOM,"Dime Community Bancshares, Inc."
DDD,3D Systems Corporation
DGICA,Donegal Group Inc.
DEA,"Easterly Government Properties, Inc."
DFH,"Dream Finders Homes, Inc."
DCPH,"Deciphera Pharmaceuticals, Inc."
DFLI,Dragonfly Energy Holdings Corp.
DH,Definitive Healthcare Corp.
DHT,"DHT Holdings, Inc."
DGII,Digi International Inc.
DHC,Diversified Healthcare Trust
DHX,"DHI Group, Inc."
DK,"Delek US Holdings, Inc."
DHIL,"Diamond Hill Investment Group, Inc."
DIN,"Dine Brands Global, Inc."
DIOD,Diodes Incorporated
DJCO,Daily Journal Corporation
DLX,Deluxe Corporation
DNMR,"Danimer Scientific, Inc."
DM,"Desktop Metal, Inc."
DMRC,Digimarc Corporation
DNLI,Denali Therapeutics Inc.
DLTH,Duluth Holdings Inc.
DNUT,"Krispy Kreme, Inc."
DNOW,NOW Inc.
DOMO,"Domo, Inc."
DOOR,Masonite International Corporation
DO,"Diamond Offshore Drilling, Inc."
DOCN,"DigitalOcean Holdings, Inc."
DOLE,Dole plc
DRH,DiamondRock Hospitality Company
DRQ,"Dril-Quip, Inc."
DORM,"Dorman Products, Inc."
DOUG,Douglas Elliman Inc.
DSKE,"Daseke, Inc."
DSP,Viant Technology Inc.
DRS,"Leonardo DRS, Inc."
DTC,"Solo Brands, Inc."
DX,"Dynex Capital, Inc."
DSGR,"Distribution Solutions Group, Inc."
DXLG,"Destination XL Group, Inc."
DYN,"Dyne Therapeutics, Inc."
DSGN,"Design Therapeutics, Inc."
DUOL,"Duolingo, Inc."
DXPE,"DXP Enterprises, Inc."
EBC,"Eastern Bankshares, Inc."
DZSI,DZS Inc.
EAT,"Brinker International, Inc."
EBF,"Ennis, Inc."
EBS,Emergent BioSolutions Inc.
DVAX,Dynavax Technologies Corporation
ECVT,Ecovyst Inc.
EAF,GrafTech International Ltd.
DY,"Dycom Industries, Inc."
ECPG,"Encore Capital Group, Inc."
EB,"Eventbrite, Inc."
EE,"Excelerate Energy, Inc."
EBTC,"Enterprise Bancorp, Inc."
EFC,Ellington Financial Inc.
EDIT,"Editas Medicine, Inc."
EGLE,Eagle Bulk Shipping Inc.
EGHT,"8x8, Inc."
EEX,"Emerald Holding, Inc."
EGBN,"Eagle Bancorp, Inc."
EFSC,Enterprise Financial Services Corp
EGAN,eGain Corporation
EHTH,"eHealth, Inc."
EGY,"VAALCO Energy, Inc."
EIG,"Employers Holdings, Inc."
ELVN,"Enliven Therapeutics, Inc."
ELA,Envela Corporation
EGRX,"Eagle Pharmaceuticals, Inc."
EHAB,"Enhabit, Inc."
ELF,"e.l.f. Beauty, Inc."
ENSG,"The Ensign Group, Inc."
ENFN,"Enfusion, Inc."
ENS,EnerSys
ELME,Elme Communities
ENVA,"Enova International, Inc."
ENR,"Energizer Holdings, Inc."
EOLS,"Evolus, Inc."
ENVX,Enovix Corporation
EMBC,Embecta Corp.
EP,Empire Petroleum Corporation
ENV,"Envestnet, Inc."
EOSE,"Eos Energy Enterprises, Inc."
ENTA,"Enanta Pharmaceuticals, Inc."
EPAC,Enerpac Tool Group Corp.
EQBK,"Equity Bancshares, Inc."
EQC,Equity Commonwealth
EPC,Edgewell Personal Care Company
EPRT,"Essential Properties Realty Trust, Inc."
ERII,"Energy Recovery, Inc."
EPM,Evolution Petroleum Corporation
ESRT,"Empire State Realty Trust, Inc."
ERAS,"Erasca, Inc."
ESE,ESCO Technologies Inc.
ESCA,"Escalade, Incorporated"
ESQ,"Esquire Financial Holdings, Inc."
ETNB,"89bio, Inc."
ETWO,"E2open Parent Holdings, Inc."
ESSA,"ESSA Bancorp, Inc."
ETRN,Equitrans Midstream Corporation
EVBG,"Everbridge, Inc."
ESNT,Essent Group Ltd.
EVBN,"Evans Bancorp, Inc."
EVA,Enviva Inc.
ESGR,Enstar Group Limited
ETD,Ethan Allen Interiors Inc.
EVGO,"EVgo, Inc."
EU,enCore Energy Corp.
EVER,"EverQuote, Inc."
EVRI,Everi Holdings Inc.
EXLS,"ExlService Holdings, Inc."
EVCM,EverCommerce Inc.
EVH,"Evolent Health, Inc."
EVTC,"EVERTEC, Inc."
EVC,Entravision Communications Corporation
EVI,"EVI Industries, Inc."
EXFY,"Expensify, Inc."
EWTX,"Edgewise Therapeutics, Inc."
EYEN,"Eyenovia, Inc."
EXPI,"eXp World Holdings, Inc."
EWCZ,"European Wax Center, Inc."
EVLV,"Evolv Technologies Holdings, Inc."
EXPO,"Exponent, Inc."
EXTR,"Extreme Networks, Inc."
EYPT,"EyePoint Pharmaceuticals, Inc."
EVEX,"Eve Holding, Inc."
FBK,FB Financial Corporation
EYE,"National Vision Holdings, Inc."
FBIZ,"First Business Financial Services, Inc."
FA,First Advantage Corporation
FARO,"FARO Technologies, Inc."
FBRT,"Franklin BSP Realty Trust, Inc."
FBMS,"The First Bancshares, Inc."
FBNC,First Bancorp
FBP,First BanCorp.
FATE,"Fate Therapeutics, Inc."
FC,Franklin Covey Co.
FCF,First Commonwealth Financial Corporation
FCFS,"FirstCash Holdings, Inc"
FCPT,"Four Corners Property Trust, Inc."
FCCO,First Community Corporation
FDBC,"Fidelity D & D Bancorp, Inc."
FDMT,"4D Molecular Therapeutics, Inc."
FCBC,"First Community Bankshares, Inc."
FCEL,"FuelCell Energy, Inc."
FEAM,5E Advanced Materials Inc.
FDP,Fresh Del Monte Produce Inc.
FELE,"Franklin Electric Co., Inc."
FF,FutureFuel Corp.
FIGS,"FIGS, Inc."
FFWM,First Foundation Inc.
FFIN,"First Financial Bankshares, Inc."
FENC,Fennec Pharmaceuticals Inc.
FFIC,Flushing Financial Corporation
FFBC,First Financial Bancorp.
FET,"Forum Energy Technologies, Inc."
FGEN,"FibroGen, Inc."
FIP,FTAI Infrastructure Inc.
FISI,"Financial Institutions, Inc."
FG,"F&G Annuities & Life, Inc."
FIBK,"First Interstate BancSystem, Inc."
FHTX,Foghorn Therapeutics Inc.
FIHL,Fidelis Insurance Holdings Limited
FIX,"Comfort Systems USA, Inc."
FL,"Foot Locker, Inc."
FLYW,Flywire Corporation
FIZZ,National Beverage Corp.
FMAO,"Farmers & Merchants Bancorp, Inc."
FLGT,"Fulgent Genetics, Inc."
FLWS,"1-800-FLOWERS.COM, Inc."
FLIC,The First of Long Island Corporation
FLR,Fluor Corporation
FLNC,"Fluence Energy, Inc."
FN,Fabrinet
FMNB,Farmers National Banc Corp.
FNA,"Paragon 28, Inc."
FOA,Finance Of America Companies Inc.
FLL,"Full House Resorts, Inc."
FNLC,"The First Bancorp, Inc."
FMBH,"First Mid Bancshares, Inc."
FNKO,"Funko, Inc."
FOLD,"Amicus Therapeutics, Inc."
FLNG,FLEX LNG Ltd.
FORM,"FormFactor, Inc."
FOR,Forestar Group Inc.
FOXF,Fox Factory Holding Corp.
FORR,"Forrester Research, Inc."
FOSL,"Fossil Group, Inc."
FRBA,First Bank
FRGE,"Forge Global Holdings, Inc."
FPI,Farmland Partners Inc.
FRME,First Merchants Corporation
FRSH,Freshworks Inc.
FRST,Primis Financial Corp.
FRPH,"FRP Holdings, Inc."
FTAI,FTAI Aviation Ltd.
FUL,H.B. Fuller Company
FVCB,"FVCBankcorp, Inc."
FSBW,"FS Bancorp, Inc."
FSLY,"Fastly, Inc."
FTCI,"FTC Solar, Inc."
FULT,Fulton Financial Corporation
FSBC,Five Star Bancorp
FSS,Federal Signal Corporation
FUBO,fuboTV Inc.
FWRD,Forward Air Corporation
GBIO,Generation Bio Co.
GATX,GATX Corporation
FWRG,"First Watch Restaurant Group, Inc."
FTDR,"Frontdoor, Inc."
GBX,"The Greenbrier Companies, Inc."
GCBC,"Greene County Bancorp, Inc."
GBCI,"Glacier Bancorp, Inc."
GAMB,Gambling.com Group Limited
GDEN,"Golden Entertainment, Inc."
GABC,"German American Bancorp, Inc."
GBTG,"Global Business Travel Group, Inc."
GCMG,"Grosvenor Capital Management, L.P."
GEF,"Greif, Inc."
GDOT,Green Dot Corporation
GCI,"Gannett Co., Inc."
GDYN,"Grid Dynamics Holdings, Inc."
GEO,"The GEO Group, Inc."
GCO,Genesco Inc.
GENC,"Gencor Industries, Inc."
GERN,Geron Corporation
GES,"Guess', Inc."
GH,"Guardant Health, Inc."
GFF,Griffon Corporation
GIC,Global Industrial Company
GEVO,"Gevo, Inc."
GKOS,Glaukos Corporation
GIII,"G-III Apparel Group, Ltd."
GHC,Graham Holdings Company
GLDD,Great Lakes Dredge & Dock Corporation
GLT,Glatfelter Corporation
GLUE,"Monte Rosa Therapeutics, Inc."
GLNG,Golar LNG Limited
GMS,GMS Inc.
GNE,Genie Energy Ltd.
GLRE,"Greenlight Capital Re, Ltd."
GNK,Genco Shipping & Trading Limited
GNLX,Genelux Corporation
GOCO,"GoHealth, Inc."
GMRE,Global Medical REIT Inc.
GOGO,Gogo Inc.
GNL,"Global Net Lease, Inc."
GNTY,"Guaranty Bancshares, Inc."
GOGL,Golden Ocean Group Limited
GNW,"Genworth Financial, Inc."
GPI,"Group 1 Automotive, Inc."
GRBK,"Green Brick Partners, Inc."
GPMT,Granite Point Mortgage Trust Inc.
GPOR,Gulfport Energy Corporation
GOOD,Gladstone Commercial Corporation
GPRO,"GoPro, Inc."
GORV,"Lazydays Holdings, Inc."
GRC,The Gorman-Rupp Company
GRPH,"Graphite Bio, Inc."
GRNT,"Granite Ridge Resources, Inc"
GRTS,"Gritstone bio, Inc."
GPRE,Green Plains Inc.
GT,The Goodyear Tire & Rubber Company
GSHD,"Goosehead Insurance, Inc"
GRND,Grindr Inc.
GRWG,GrowGeneration Corp.
GSAT,"Globalstar, Inc."
GOLF,Acushnet Holdings Corp.
GTLS,"Chart Industries, Inc."
GSBC,"Great Southern Bancorp, Inc."
GTY,Getty Realty Corp.
HA,"Hawaiian Holdings, Inc."
HAFC,Hanmi Financial Corporation
GWRS,"Global Water Resources, Inc."
GVA,Granite Construction Incorporated
HAE,Haemonetics Corporation
GWH,"ESS Tech, Inc."
GTN,"Gray Television, Inc."
HAYN,"Haynes International, Inc."
HASI,"Hannon Armstrong Sustainable Infrastructure Capital, Inc."
HBI,Hanesbrands Inc.
HBCP,"Home Bancorp, Inc."
HALO,"Halozyme Therapeutics, Inc."
HBIO,"Harvard Bioscience, Inc."
HAIN,"The Hain Celestial Group, Inc."
HBNC,"Horizon Bancorp, Inc."
HEAR,Turtle Beach Corporation
HCAT,"Health Catalyst, Inc."
HCC,"Warrior Met Coal, Inc."
HCSG,"Healthcare Services Group, Inc."
HCI,"HCI Group, Inc."
HCKT,"The Hackett Group, Inc."
HGV,Hilton Grand Vacations Inc.
HELE,Helen of Troy Limited
HEES,"H&E Equipment Services, Inc."
HFFG,HF Foods Group Inc.
HDSN,"Hudson Technologies, Inc."
HI,"Hillenbrand, Inc."
HIBB,"Hibbett, Inc."
HLMN,Hillman Solutions Corp.
HIMS,"Hims & Hers Health, Inc."
HFWA,Heritage Financial Corporation
HLLY,Holley Inc.
HIFS,Hingham Institution for Savings
HLIT,Harmonic Inc.
HIPO,Hippo Holdings Inc.
HBT,"HBT Financial, Inc."
HLVX,"HilleVax, Inc."
HLX,"Helix Energy Solutions Group, Inc."
HLF,Herbalife Nutrition Ltd.
HL,Hecla Mining Company
HOFT,Hooker Furnishings Corporation
HLNE,Hamilton Lane Incorporated
HLIO,"Helios Technologies, Inc."
HNI,HNI Corporation
HMN,Horace Mann Educators Corporation
HMST,"HomeStreet, Inc."
HNRG,Hallador Energy Company
HOMB,"Home Bancshares, Inc. (Conway, AR)"
HOV,"Hovnanian Enterprises, Inc."
HOUS,Anywhere Real Estate Inc.
HOPE,"Hope Bancorp, Inc."
HONE,"HarborOne Bancorp, Inc."
HQI,"HireQuest, Inc."
HP,"Helmerich & Payne, Inc."
HPK,"HighPeak Energy, Inc."
HPP,"Hudson Pacific Properties, Inc."
HQY,"HealthEquity, Inc."
HRMY,"Harmony Biosciences Holdings, Inc."
HRI,Herc Holdings Inc.
HSHP,Himalaya Shipping Ltd.
HROW,"Harrow Health, Inc."
HSII,"Heidrick & Struggles International, Inc."
HTBK,Heritage Commerce Corp
HRT,HireRight Holdings Corporation
HSTM,"HealthStream, Inc."
HTH,Hilltop Holdings Inc.
HRTX,"Heron Therapeutics, Inc."
HUMA,"Humacyte, Inc."
HTBI,"HomeTrust Bancshares, Inc."
HTLD,"Heartland Express, Inc."
HWKN,"Hawkins, Inc."
HTLF,"Heartland Financial USA, Inc."
HY,"Hyster-Yale Materials Handling, Inc."
HYLN,Hyliion Holdings Corp.
HUBG,"Hub Group, Inc."
IAS,Integral Ad Science Holding Corp.
ICFI,"ICF International, Inc."
HURN,Huron Consulting Group Inc.
HWC,Hancock Whitney Corporation
IAUX,i-80 Gold Corp.
IBOC,International Bancshares Corporation
HZO,"MarineMax, Inc."
IBP,"Installed Building Products, Inc."
HVT,"Haverty Furniture Companies, Inc."
IDT,IDT Corporation
IBCP,Independent Bank Corporation
IDCC,"InterDigital, Inc."
IBEX,IBEX Limited
ICHR,"Ichor Holdings, Ltd."
IESC,"IES Holdings, Inc."
IE,Ivanhoe Electric Inc.
IBRX,"ImmunityBio, Inc."
IBTX,"Independent Bank Group, Inc."
IDYA,"IDEAYA Biosciences, Inc."
III,"Information Services Group, Inc."
IHRT,"iHeartMedia, Inc."
IGT,International Game Technology PLC
IGMS,"IGM Biosciences, Inc."
IMAX,IMAX Corporation
IIIV,"i3 Verticals, Inc."
IIIN,"Insteel Industries, Inc."
IMKTA,"Ingles Markets, Incorporated"
IIPR,"Innovative Industrial Properties, Inc."
IKNA,"Ikena Oncology, Inc."
IMRX,Immuneering Corporation
IMVT,"Immunovant, Inc."
IMMR,Immersion Corporation
INBX,"Inhibrx, Inc."
IMXI,"International Money Express, Inc."
INDI,"indie Semiconductor, Inc."
INDB,Independent Bank Corp.
INFN,Infinera Corporation
INGN,"Inogen, Inc."
INOD,Innodata Inc.
INSE,"Inspired Entertainment, Inc."
INTA,"Intapp, Inc."
INFU,"InfuSystem Holdings, Inc."
INSM,Insmed Incorporated
INSW,"International Seaways, Inc."
INN,"Summit Hotel Properties, Inc."
INST,"Instructure Holdings, Inc."
INMD,InMode Ltd.
INVA,"Innoviva, Inc."
INNV,InnovAge Holding Corp.
INTT,inTEST Corporation
IOVA,"Iovance Biotherapeutics, Inc."
IPSC,"Century Therapeutics, Inc."
INZY,"Inozyme Pharma, Inc."
IPI,"Intrepid Potash, Inc."
IRBT,iRobot Corporation
ISPR,Ispire Technology Inc.
IRT,"Independence Realty Trust, Inc."
IRON,"Disc Medicine, Inc."
IRTC,"iRhythm Technologies, Inc."
IONQ,"IonQ, Inc."
IPAR,"Inter Parfums, Inc."
IOSP,Innospec Inc.
ITGR,Integer Holdings Corporation
IRWD,"Ironwood Pharmaceuticals, Inc."
ITCI,"Intra-Cellular Therapies, Inc."
ITIC,Investors Title Company
IRMD,IRadimed Corporation
ITRI,"Itron, Inc."
ITI,"Iteris, Inc."
IVAC,"Intevac, Inc."
JACK,Jack in the Box Inc.
ITOS,"iTeos Therapeutics, Inc."
IVR,Invesco Mortgage Capital Inc.
JAKK,"JAKKS Pacific, Inc."
IVT,InvenTrust Properties Corp.
JBI,"Janus International Group, Inc."
JELD,"JELD-WEN Holding, Inc."
JBGS,JBG SMITH Properties
JBLU,JetBlue Airways Corporation
JMSB,"John Marshall Bancorp, Inc."
JOBY,"Joby Aviation, Inc."
JANX,"Janux Therapeutics, Inc."
JAMF,Jamf Holding Corp.
JBT,John Bean Technologies Corporation
JBSS,"John B. Sanfilippo & Son, Inc."
JILL,"J.Jill, Inc."
JRVR,"James River Group Holdings, Ltd."
JJSF,J&J Snack Foods Corp.
JOE,The St. Joe Company
JXN,Jackson Financial Inc.
KALV,"KalVista Pharmaceuticals, Inc."
KAI,Kadant Inc.
KAMN,Kaman Corporation
KE,"Kimball Electronics, Inc."
KALU,Kaiser Aluminum Corporation
JYNT,The Joint Corp.
KAR,"KAR Auction Services, Inc."
KBH,KB Home
KFY,Korn Ferry
KGS,"Kodiak Gas Services, Inc."
KFRC,Kforce Inc.
KELYA,"Kelly Services, Inc."
KLTR,"Kaltura, Inc."
JOUT,Johnson Outdoors Inc.
KLXE,"KLX Energy Services Holdings, Inc."
KIDS,OrthoPediatrics Corp.
KMT,Kennametal Inc.
KFS,Kingsway Financial Services Inc.
KNF,Knife River Corporation
KLIC,"Kulicke and Soffa Industries, Inc."
KN,Knowles Corporation
KODK,Eastman Kodak Company
KNSA,"Kiniksa Pharmaceuticals, Ltd."
KRG,Kite Realty Group Trust
KNTK,Kinetik Holdings Inc.
KOS,Kosmos Energy Ltd.
KIND,"Nextdoor Holdings, Inc."
KRMD,"KORU Medical Systems, Inc."
KPTI,Karyopharm Therapeutics Inc.
KOP,Koppers Holdings Inc.
KOD,Kodiak Sciences Inc.
KREF,KKR Real Estate Finance Trust Inc.
KRO,"Kronos Worldwide, Inc."
KRNY,Kearny Financial Corp.
KRUS,"Kura Sushi USA, Inc."
KRT,Karat Packaging Inc.
KROS,"Keros Therapeutics, Inc."
KTB,"Kontoor Brands, Inc."
KVHI,"KVH Industries, Inc."
KTOS,"Kratos Defense & Security Solutions, Inc."
KRYS,"Krystal Biotech, Inc."
KW,"Kennedy-Wilson Holdings, Inc."
KURA,"Kura Oncology, Inc."
KYMR,"Kymera Therapeutics, Inc."
LADR,Ladder Capital Corp
KWR,Quaker Chemical Corporation
LANC,Lancaster Colony Corporation
KZR,"Kezar Life Sciences, Inc."
LAUR,"Laureate Education, Inc."
LBAI,"Lakeland Bancorp, Inc."
LASR,"nLIGHT, Inc."
LAW,"CS Disco, Inc."
LAND,Gladstone Land Corporation
LAZR,"Luminar Technologies, Inc."
LCNB,LCNB Corp.
LBRT,Liberty Energy Inc.
LBC,Luther Burbank Corporation
LBPH,"Longboard Pharmaceuticals, Inc."
LCTX,"Lineage Cell Therapeutics, Inc."
LC,LendingClub Corporation
LCII,LCI Industries
LE,"Lands' End, Inc."
LGND,Ligand Pharmaceuticals Incorporated
LFST,"LifeStance Health Group, Inc."
LEGH,Legacy Housing Corporation
LILAK,Liberty Latin America Ltd.
LILA,Liberty Latin America Ltd.
LGIH,"LGI Homes, Inc."
LIVN,LivaNova PLC
LINC,Lincoln Educational Services Corporation
LESL,"Leslie's, Inc."
LKFN,Lakeland Financial Corporation
LLAP,Terran Orbital Corporation
LICY,Li-Cycle Holdings Corp.
LEU,Centrus Energy Corp.
LMNR,Limoneira Company
LIND,"Lindblad Expeditions Holdings, Inc."
LMAT,"LeMaitre Vascular, Inc."
LMND,"Lemonade, Inc."
LNN,Lindsay Corporation
LOB,"Live Oak Bancshares, Inc."
LMB,"Limbach Holdings, Inc."
LNTH,"Lantheus Holdings, Inc."
LOVE,The Lovesac Company
LNW,"Light & Wonder, Inc."
LPG,Dorian LPG Ltd.
LNZA,"LanzaTech Global, Inc."
LPRO,Open Lending Corporation
LOCO,"El Pollo Loco Holdings, Inc."
LPSN,"LivePerson, Inc."
LRMR,"Larimar Therapeutics, Inc."
LSEA,Landsea Homes Corporation
LRN,"Stride, Inc."
LPTV,"Loop Media, Inc."
LQDT,"Liquidity Services, Inc."
LQDA,Liquidia Corporation
LUNG,Pulmonx Corporation
LUMN,"Lumen Technologies, Inc."
LTH,"Life Time Group Holdings, Inc."
LVWR,"LiveWire Group, Inc."
LTC,"LTC Properties, Inc."
LWLG,"Lightwave Logic, Inc."
LUNA,Luna Innovations Incorporated
LXRX,"Lexicon Pharmaceuticals, Inc."
LXFR,Luxfer Holdings PLC
LYEL,"Lyell Immunopharma, Inc."
LZ,"LegalZoom.com, Inc."
LXU,"LSB Industries, Inc."
LXP,LXP Industrial Trust
LZB,La-Z-Boy Incorporated
MAC,The Macerich Company
MACK,"Merrimack Pharmaceuticals, Inc."
MATW,Matthews International Corporation
MATV,"Mativ Holdings, Inc."
LYTS,LSI Industries Inc.
MAXN,"Maxeon Solar Technologies, Ltd."
MARA,"Marathon Digital Holdings, Inc."
MBC,"MasterBrand, Inc."
MATX,"Matson, Inc."
MAX,"MediaAlpha, Inc."
MBI,MBIA Inc.
MASS,908 Devices Inc.
MBIN,Merchants Bancorp
MBCN,Middlefield Banc Corp.
MCBS,"MetroCity Bankshares, Inc."
MBUU,"Malibu Boats, Inc."
MC,Moelis & Company
MBWM,Mercantile Bank Corporation
MCBC,Macatawa Bank Corporation
MCRB,"Seres Therapeutics, Inc."
MCS,The Marcus Corporation
MDGL,"Madrigal Pharmaceuticals, Inc."
MCB,Metropolitan Bank Holding Corp.
MCFT,"MasterCraft Boat Holdings, Inc."
MEC,"Mayville Engineering Company, Inc."
MCRI,"Monarch Casino & Resort, Inc."
MCY,Mercury General Corporation
MDXG,"MiMedx Group, Inc."
MDC,"M.D.C. Holdings, Inc."
MDRX,Veradigm Inc.
MEG,"Montrose Environmental Group, Inc."
MD,"Pediatrix Medical Group, Inc."
MFA,"MFA Financial, Inc."
MEI,"Methode Electronics, Inc."
MGPI,"MGP Ingredients, Inc."
METCB,"Ramaco Resources, Inc."
MED,"Medifast, Inc."
ME,23andMe Holding Co.
MG,"Mistras Group, Inc."
MGNX,"MacroGenics, Inc."
MGEE,"MGE Energy, Inc."
MGRC,McGrath RentCorp
MGTX,MeiraGTx Holdings plc
MGNI,"Magnite, Inc."
MHLD,"Maiden Holdings, Ltd."
MGY,Magnolia Oil & Gas Corporation
MIR,"Mirion Technologies, Inc."
MHO,"M/I Homes, Inc."
MKTW,"MarketWise, Inc."
MITK,"Mitek Systems, Inc."
MLYS,"Mineralys Therapeutics, Inc."
MIRM,"Mirum Pharmaceuticals, Inc."
MMI,"Marcus & Millichap, Inc."
MLI,"Mueller Industries, Inc."
MLR,"Miller Industries, Inc."
MLP,"Maui Land & Pineapple Company, Inc."
MNTK,"Montauk Renewables, Inc."
MLAB,"Mesa Laboratories, Inc."
MNKD,MannKind Corporation
MMS,"Maximus, Inc."
MOD,Modine Manufacturing Company
MLNK,"MeridianLink, Inc."
MOFG,"MidWestOne Financial Group, Inc."
MMSI,"Merit Medical Systems, Inc."
MNRO,"Monro, Inc."
MODG,Topgolf Callaway Brands Corp.
MLKN,"MillerKnoll, Inc."
MODV,ModivCare Inc.
MOV,"Movado Group, Inc."
MODN,"Model N, Inc."
MNSB,"MainStreet Bancshares, Inc."
MORF,"Morphic Holding, Inc."
MPB,"Mid Penn Bancorp, Inc."
MOND,"Mondee Holdings, Inc."
MQ,"Marqeta, Inc."
MPX,Marine Products Corporation
MSBI,"Midland States Bancorp, Inc."
MPLN,MultiPlan Corporation
MRC,MRC Global Inc.
MRTN,"Marten Transport, Ltd."
MSTR,MicroStrategy Incorporated
MSEX,Middlesex Water Company
MRSN,"Mersana Therapeutics, Inc."
MRNS,"Marinus Pharmaceuticals, Inc."
MTDR,Matador Resources Company
MTTR,"Matterport, Inc."
MTRN,Materion Corporation
MTSI,"MACOM Technology Solutions Holdings, Inc."
MSGE,Madison Square Garden Entertainment Corp.
MTW,"The Manitowoc Company, Inc."
MTH,Meritage Homes Corporation
MTX,Minerals Technologies Inc.
MVST,"Microvast Holdings, Inc."
MWA,"Mueller Water Products, Inc."
MUR,Murphy Oil Corporation
MVBF,MVB Financial Corp.
MVIS,"MicroVision, Inc."
MURA,Mural Oncology plc
MXCT,"MaxCyte, Inc."
MXL,"MaxLinear, Inc."
MYFW,"First Western Financial, Inc."
MYRG,MYR Group Inc.
MYGN,"Myriad Genetics, Inc."
NABL,"N-able, Inc."
NAT,Nordic American Tankers Limited
NATR,"Nature's Sunshine Products, Inc."
NAUT,"Nautilus Biotechnology, Inc."
NAPA,"The Duckhorn Portfolio, Inc."
MYPS,"PLAYSTUDIOS, Inc."
NAVI,Navient Corporation
MYE,"Myers Industries, Inc."
NATH,"Nathan's Famous, Inc."
NARI,"Inari Medical, Inc."
NBHC,National Bank Holdings Corporation
NBR,Nabors Industries Ltd.
NDLS,Noodles & Company
NE,Noble Corporation
NC,"NACCO Industries, Inc."
NBN,Northeast Bank
NEO,"NeoGenomics, Inc."
NEWT,Newtek Business Services Corp.
NBTB,NBT Bancorp Inc.
NECB,"Northeast Community Bancorp, Inc."
NEOG,Neogen Corporation
NFBK,"Northfield Bancorp, Inc. (Staten Island, NY)"
NEXT,NextDecade Corporation
NG,NovaGold Resources Inc.
NHI,"National Health Investors, Inc."
NKSH,"National Bankshares, Inc."
NGVC,"Natural Grocers by Vitamin Cottage, Inc."
NKTX,"Nkarta, Inc."
NHC,National HealthCare Corporation
NIC,"Nicolet Bankshares, Inc."
NJR,New Jersey Resources Corporation
NMRA,"Neumora Therapeutics, Inc. Common Stock"
NGM,"NGM Biopharmaceuticals, Inc."
NGVT,Ingevity Corporation
NKLA,Nikola Corporation
NMIH,"NMI Holdings, Inc."
NL,"NL Industries, Inc."
NMRK,"Newmark Group, Inc."
NN,NextNav Inc.
NODK,"NI Holdings, Inc."
NNI,"Nelnet, Inc."
NNOX,Nano-X Imaging Ltd.
NRDS,"NerdWallet, Inc."
NOVT,Novanta Inc.
NOVA,Sunnova Energy International Inc.
NR,"Newpark Resources, Inc."
NPK,"National Presto Industries, Inc."
NPO,"EnPro Industries, Inc."
NRC,National Research Corporation
NOG,"Northern Oil and Gas, Inc."
NRDY,"Nerdy, Inc."
NRIM,"Northrim BanCorp, Inc."
NOTE,"FiscalNote Holdings, Inc."
NRIX,"Nurix Therapeutics, Inc."
NSP,"Insperity, Inc."
NSSC,"Napco Security Technologies, Inc."
NTGR,"NETGEAR, Inc."
NREF,"NexPoint Real Estate Finance, Inc."
NTCT,"NetScout Systems, Inc."
NTLA,"Intellia Therapeutics, Inc."
NSIT,"Insight Enterprises, Inc."
NTST,NETSTREIT Corp.
NTB,The Bank of N.T. Butterfield & Son Limited
NUVB,Nuvation Bio Inc.
NVEC,NVE Corporation
NRGV,"Energy Vault Holdings, Inc."
NVRI,Enviri Corporation
NUVL,"Nuvalent, Inc."
NUS,"Nu Skin Enterprises, Inc."
NVEE,"NV5 Global, Inc."
NVAX,"Novavax, Inc."
NWE,NorthWestern Corporation
NVTS,Navitas Semiconductor Corporation
NVCT,"Nuvectis Pharma, Inc."
NWBI,"Northwest Bancshares, Inc."
NVRO,Nevro Corp.
NX,Quanex Building Products Corporation
NWN,Northwest Natural Holding Company
NWLI,"National Western Life Group, Inc."
NWFL,Norwood Financial Corp.
OB,Outbrain Inc.
NWPX,Northwest Pipe Company
OABI,"OmniAb, Inc."
NXDT,NexPoint Diversified Real Estate Trust
NYMT,"New York Mortgage Trust, Inc."
NXT,Nextracker Inc.
NXRT,"NexPoint Residential Trust, Inc."
OBK,"Origin Bancorp, Inc."
OBIO,"Orchestra BioMed Holdings, Inc."
OBT,"Orange County Bancorp, Inc."
ODC,Oil-Dri Corporation of America
OCN,Ocwen Financial Corporation
OCFC,OceanFirst Financial Corp.
OCUL,"Ocular Therapeutix, Inc."
ODP,The ODP Corporation
OFG,OFG Bancorp
OFLX,"Omega Flex, Inc."
OGS,"ONE Gas, Inc."
OI,"O-I Glass, Inc."
OFIX,Orthofix Medical Inc.
OIS,"Oil States International, Inc."
OEC,Orion Engineered Carbons S.A.
OLP,"One Liberty Properties, Inc."
OM,"Outset Medical, Inc."
OLMA,"Olema Pharmaceuticals, Inc."
OOMA,"Ooma, Inc."
ONB,Old National Bancorp
OII,"Oceaneering International, Inc."
OLO,Olo Inc.
OMCL,"Omnicell, Inc."
OMGA,"Omega Therapeutics, Inc."
OPCH,"Option Care Health, Inc."
OMI,"Owens & Minor, Inc."
ONEW,OneWater Marine Inc.
OPEN,Opendoor Technologies Inc.
OPTN,"OptiNose, Inc."
OMER,Omeros Corporation
OPFI,OppFi Inc.
ONL,Orion Office REIT Inc.
ORA,"Ormat Technologies, Inc."
OPI,Office Properties Income Trust
ONTF,"ON24, Inc."
ORC,"Orchid Island Capital, Inc."
ORRF,"Orrstown Financial Services, Inc."
ONTO,Onto Innovation Inc.
OSBC,"Old Second Bancorp, Inc."
ORGN,"Origin Materials, Inc."
OPK,"OPKO Health, Inc."
OPRX,OptimizeRx Corporation
OSUR,"OraSure Technologies, Inc."
OSCR,"Oscar Health, Inc."
ORGO,Organogenesis Holdings Inc.
ORIC,"ORIC Pharmaceuticals, Inc."
OSG,"Overseas Shipholding Group, Inc."
OSIS,"OSI Systems, Inc."
OSPN,OneSpan Inc.
OVLY,Oak Valley Bancorp
OUT,Outfront Media Inc.
OTLK,"Outlook Therapeutics, Inc."
PACB,"Pacific Biosciences of California, Inc."
OSW,OneSpaWorld Holdings Limited
OTTR,Otter Tail Corporation
PARR,"Par Pacific Holdings, Inc."
OVID,Ovid Therapeutics Inc.
OXM,"Oxford Industries, Inc."
PAR,PAR Technology Corporation
PACK,Ranpak Holdings Corp.
PAX,Patria Investments Limited
PATK,"Patrick Industries, Inc."
PAGS,PagSeguro Digital Ltd.
PAHC,Phibro Animal Health Corporation
PANL,"Pangaea Logistics Solutions, Ltd."
PAYS,"PaySign, Inc."
PBFS,"Pioneer Bancorp, Inc."
PAYO,Payoneer Global Inc.
PBI,Pitney Bowes Inc.
PBF,PBF Energy Inc.
PBH,Prestige Consumer Healthcare Inc.
PDFS,"PDF Solutions, Inc."
PCH,PotlatchDeltic Corporation
PCT,"PureCycle Technologies, Inc."
PBPB,Potbelly Corporation
PDLB,"Ponce Financial Group, Inc."
PCVX,"Vaxcyte, Inc."
PDM,"Piedmont Office Realty Trust, Inc."
PCB,PCB Bancorp
PCYO,Pure Cycle Corporation
PDSB,PDS Biotechnology Corporation
PCRX,"Pacira BioSciences, Inc."
PD,"PagerDuty, Inc."
PDCO,"Patterson Companies, Inc."
PETS,"PetMed Express, Inc."
PEPG,PepGen Inc.
PEBO,Peoples Bancorp Inc.
PFC,Premier Financial Corp.
PECO,"Phillips Edison & Company, Inc."
PEB,Pebblebrook Hotel Trust
PFIS,Peoples Financial Services Corp.
PETQ,"PetIQ, Inc."
PFMT,Performant Financial Corporation
PFSI,"PennyMac Financial Services, Inc."
PGC,Peapack-Gladstone Financial Corporation
PFS,"Provident Financial Services, Inc."
PGTI,"PGT Innovations, Inc."
PGRE,"Paramount Group, Inc."
PGNY,"Progyny, Inc."
PGEN,"Precigen, Inc."
PHR,"Phreesia, Inc."
PHAT,"Phathom Pharmaceuticals, Inc."
PINE,"Alpine Income Property Trust, Inc."
PIII,P3 Health Partners Inc.
PI,"Impinj, Inc."
PKST,Peakstone Realty Trust
PKBK,"Parke Bancorp, Inc."
PIPR,Piper Sandler Companies
PKOH,Park-Ohio Holdings Corp.
PJT,PJT Partners Inc.
PLAB,"Photronics, Inc."
PKE,Park Aerospace Corp.
PL,Planet Labs PBC
PLBC,Plumas Bancorp
PLAY,"Dave & Buster's Entertainment, Inc."
PLOW,"Douglas Dynamics, Inc."
PLPC,Preformed Line Products Company
PLXS,Plexus Corp.
PLL,Piedmont Lithium Inc.
PLCE,"The Children's Place, Inc."
PLRX,"Pliant Therapeutics, Inc."
PLMR,"Palomar Holdings, Inc."
PLX,"Protalix BioTherapeutics, Inc."
PLUS,ePlus inc.
POWL,"Powell Industries, Inc."
PLSE,"Pulse Biosciences, Inc."
PLYM,"Plymouth Industrial REIT, Inc."
PNM,"PNM Resources, Inc."
PMVP,"PMV Pharmaceuticals, Inc."
POWI,"Power Integrations, Inc."
PMT,PennyMac Mortgage Investment Trust
PNTG,"The Pennant Group, Inc."
PNRG,PrimeEnergy Resources Corporation
PMTS,CPI Card Group Inc.
POR,Portland General Electric Company
PRA,ProAssurance Corporation
PRDO,Perdoceo Education Corporation
PR,Permian Resources Corporation
POWW,"AMMO, Inc."
PPTA,Perpetua Resources Corp.
PRFT,"Perficient, Inc."
PRGS,Progress Software Corporation
PRIM,Primoris Services Corporation
PRG,"PROG Holdings, Inc."
PRCT,PROCEPT BioRobotics Corporation
PRAA,"PRA Group, Inc."
PPBI,"Pacific Premier Bancorp, Inc."
PRK,Park National Corporation
PRKS,United Parks & Resorts Inc.
PRLB,"Proto Labs, Inc."
PRLD,Prelude Therapeutics Incorporated
PRME,"Prime Medicine, Inc."
PRM,"Perimeter Solutions, SA"
PRPL,"Purple Innovation, Inc."
PRMW,Primo Water Corporation
PRTS,"CarParts.com, Inc."
PSMT,"PriceSmart, Inc."
PRO,"PROS Holdings, Inc."
PRVA,"Privia Health Group, Inc."
PROK,ProKidney Corp.
PRTH,"Priority Technology Holdings, Inc."
PRTA,Prothena Corporation plc
PSN,Parsons Corporation
PSFE,Paysafe Limited
PRST,"Presto Automation, Inc."
PTGX,"Protagonist Therapeutics, Inc."
PSTX,"Poseida Therapeutics, Inc."
PSTL,"Postal Realty Trust, Inc."
PTSI,"P.A.M. Transportation Services, Inc."
PTCT,"PTC Therapeutics, Inc."
PTLO,Portillo's Inc.
PTEN,"Patterson-UTI Energy, Inc."
PX,"P10, Inc."
PTVE,Pactiv Evergreen Inc.
QLYS,"Qualys, Inc."
PZZA,"Papa John's International, Inc."
PWP,Perella Weinberg Partners
QNST,"QuinStreet, Inc."
PWSC,"PowerSchool Holdings, Inc."
QTRX,Quanterix Corporation
PWOD,"Penns Woods Bancorp, Inc."
QTWO,"Q2 Holdings, Inc."
PUMP,ProPetro Holding Corp.
QUAD,"Quad/Graphics, Inc."
RAPT,"RAPT Therapeutics, Inc."
PUBM,"PubMatic, Inc."
QCRH,"QCR Holdings, Inc."
RBCAA,"Republic Bancorp, Inc."
QSI,Quantum-Si incorporated
RAMP,"LiveRamp Holdings, Inc."
RBBN,Ribbon Communications Inc.
QIPT,Quipt Home Medical Corp.
RBB,RBB Bancorp
RC,Ready Capital Corporation
RCKY,"Rocky Brands, Inc."
RCEL,"AVITA Medical, Inc."
RBOT,Vicarious Surgical Inc.
RCKT,"Rocket Pharmaceuticals, Inc."
RDFN,Redfin Corporation
RCUS,"Arcus Biosciences, Inc."
RDW,Redwire Corporation
RDUS,"Radius Health, Inc."
RDVT,"Red Violet, Inc."
RDNT,"RadNet, Inc."
RDN,Radian Group Inc.
RELL,"Richardson Electronics, Ltd."
REFI,"Chicago Atlantic Real Estate Finance, Inc."
RELY,"Remitly Global, Inc."
REI,"Ring Energy, Inc."
RENT,"Rent the Runway, Inc."
REVG,"REV Group, Inc."
REPX,"Riley Exploration Permian, Inc."
RES,"RPC, Inc."
RGCO,"RGC Resources, Inc."
REX,REX American Resources Corporation
REZI,"Resideo Technologies, Inc."
RILY,"B. Riley Financial, Inc."
RLGT,"Radiant Logistics, Inc."
RGP,"Resources Connection, Inc."
RGNX,REGENXBIO Inc.
RLYB,Rallybio Corporation
RGR,"Sturm, Ruger & Company, Inc."
RLJ,RLJ Lodging Trust
RICK,"RCI Hospitality Holdings, Inc."
RIOT,"Riot Blockchain, Inc."
REPL,"Replimune Group, Inc."
RMAX,"RE/MAX Holdings, Inc."
RHP,"Ryman Hospitality Properties, Inc."
RLAY,"Relay Therapeutics, Inc."
RIGL,"Rigel Pharmaceuticals, Inc."
RKLB,"Rocket Lab USA, Inc."
RMR,The RMR Group Inc.
RM,Regional Management Corp.
RMBS,Rambus Inc.
RNAC,"Cartesian Therapeutics, Inc."
RNST,Renasant Corporation
RNGR,"Ranger Energy Services, Inc."
RMNI,"Rimini Street, Inc."
RNA,"Avidity Biosciences, Inc."
ROAD,"Construction Partners, Inc."
ROVR,"Rover Group, Inc."
ROG,Rogers Corporation
ROCK,"Gibraltar Industries, Inc."
ROIC,Retail Opportunity Investments Corp.
RPD,"Rapid7, Inc."
RPHM,"Reneo Pharmaceuticals, Inc."
RRR,"Red Rock Resorts, Inc."
RRGB,"Red Robin Gourmet Burgers, Inc."
RRBI,"Red River Bancshares, Inc."
RPAY,Repay Holdings Corporation
RSI,"Rush Street Interactive, Inc."
RVLV,"Revolve Group, Inc."
RSVR,"Reservoir Media, Inc."
RUSHA,"Rush Enterprises, Inc."
RXRX,"Recursion Pharmaceuticals, Inc."
RUSHB,"Rush Enterprises, Inc."
RVNC,"Revance Therapeutics, Inc."
RWT,"Redwood Trust, Inc."
RVMD,"Revolution Medicines, Inc."
SABR,Sabre Corporation
RYAM,Rayonier Advanced Materials Inc.
RXST,"RxSight, Inc."
RYTM,"Rhythm Pharmaceuticals, Inc."
RXT,"Rackspace Technology, Inc."
RXO,"RXO, Inc."
RYI,Ryerson Holding Corporation
SAGE,"Sage Therapeutics, Inc."
SAFT,"Safety Insurance Group, Inc."
SAMG,Silvercrest Asset Management Group Inc.
SAH,"Sonic Automotive, Inc."
SANM,Sanmina Corporation
SASR,"Sandy Spring Bancorp, Inc."
SAVE,"Spirit Airlines, Inc."
SBGI,"Sinclair Broadcast Group, Inc."
SAVA,"Cassava Sciences, Inc."
SBT,"Sterling Bancorp, Inc. (Southfield, MI)"
SCHL,Scholastic Corporation
SANA,"Sana Biotechnology, Inc."
SBH,"Sally Beauty Holdings, Inc."
SB,"Safe Bulkers, Inc."
SAFE,Safehold Inc.
SBCF,Seacoast Banking Corporation of Florida
SATS,EchoStar Corporation
SBOW,"SilverBow Resources, Inc."
SBRA,"Sabra Health Care REIT, Inc."
SCPH,scPharmaceuticals Inc.
SCVL,"Shoe Carnival, Inc."
SBSI,"Southside Bancshares, Inc."
SCSC,"ScanSource, Inc."
SCLX,Scilex Holding Company
SCS,Steelcase Inc.
SCL,Stepan Company
SDRL,Seadrill Limited
SD,"SandRidge Energy, Inc."
SCWO,"374Water, Inc."
SEAT,Vivid Seats Inc.
SDGR,"Schrödinger, Inc."
SEMR,"Semrush Holdings, Inc."
SFBS,"ServisFirst Bancshares, Inc."
SEM,Select Medical Holdings Corporation
SFIX,"Stitch Fix, Inc."
SES,SES AI Corporation
SENEA,Seneca Foods Corporation
SEER,"Seer, Inc."
SGH,"SMART Global Holdings, Inc."
SG,"Sweetgreen, Inc."
SFM,"Sprouts Farmers Market, Inc."
SFL,SFL Corporation Ltd.
SGHC,Super Group (SGHC) Limited
SFST,"Southern First Bancshares, Inc."
SGHT,"Sight Sciences, Inc."
SGMT,Sagimet Biosciences Inc.
SGMO,"Sangamo Therapeutics, Inc."
SHBI,"Shore Bancshares, Inc."
SFNC,Simmons First National Corporation
SHCR,"Sharecare, Inc."
SGRY,"Surgery Partners, Inc."
SHO,"Sunstone Hotel Investors, Inc."
SHEN,Shenandoah Telecommunications Company
SHAK,Shake Shack Inc.
SHLS,"Shoals Technologies Group, Inc."
SHOO,"Steven Madden, Ltd."
SIBN,"SI-BONE, Inc."
SIGI,"Selective Insurance Group, Inc."
SIG,Signet Jewelers Limited
SHYF,"The Shyft Group, Inc."
SILK,"Silk Road Medical, Inc"
SITC,SITE Centers Corp.
SIX,Six Flags Entertainment Corporation
SIGA,"SIGA Technologies, Inc."
SKIL,Skillsoft Corp.
SITM,SiTime Corporation
SJW,SJW Group
SKWD,"Skyward Specialty Insurance Group, Inc."
SKYW,"SkyWest, Inc."
SKYT,"SkyWater Technology, Inc."
SKYX,SKYX Platforms Corp.
SKIN,The Beauty Health Company
SKY,Skyline Champion Corporation
SKT,"Tanger Factory Outlet Centers, Inc."
SLCA,"U.S. Silica Holdings, Inc."
SLAB,Silicon Laboratories Inc.
SLDP,"Solid Power, Inc."
SLQT,"SelectQuote, Inc."
SLG,SL Green Realty Corp.
SLRN,"Acelyrin, Inc."
SLP,"Simulations Plus, Inc."
SMBC,"Southern Missouri Bancorp, Inc."
SLVM,Sylvamo Corporation
SMHI,SEACOR Marine Holdings Inc.
SM,SM Energy Company
SMBK,"SmartFinancial, Inc."
SMLR,"Semler Scientific, Inc."
SMMF,"Summit Financial Group, Inc."
SMPL,The Simply Good Foods Company
SNCY,"Sun Country Airlines Holdings, Inc."
SMMT,Summit Therapeutics Inc.
SNEX,StoneX Group Inc.
SNBR,Sleep Number Corporation
SMR,NuScale Power Corporation
SMP,"Standard Motor Products, Inc."
SMTC,Semtech Corporation
SMTI,Sanara MedTech Inc.
SNDX,"Syndax Pharmaceuticals, Inc."
SNFCA,Security National Financial Corporation
SNPO,Snap One Holdings Corp.
SOVO,"Sovos Brands, Inc."
SMRT,"SmartRent, Inc."
SOI,"Solaris Oilfield Infrastructure, Inc."
SOUN,"SoundHound AI, Inc."
SP,SP Plus Corporation
SPRY,"ARS Pharmaceuticals, Inc."
SONO,"Sonos, Inc."
SPCE,"Virgin Galactic Holdings, Inc."
SPNT,SiriusPoint Ltd.
SPSC,"SPS Commerce, Inc."
SPNS,Sapiens International Corporation N.V.
SPHR,Sphere Entertainment Co.
SQSP,"Squarespace, Inc."
SPWH,"Sportsman's Warehouse Holdings, Inc."
SPT,"Sprout Social, Inc."
SPFI,"South Plains Financial, Inc."
SPTN,SpartanNash Company
SPWR,SunPower Corporation
SRCE,1st Source Corporation
SPOK,"Spok Holdings, Inc."
SRDX,"Surmodics, Inc."
SR,Spire Inc.
SPXC,"SPX Technologies, Inc."
SRI,"Stoneridge, Inc."
SSBK,"Southern States Bancshares, Inc."
SSB,SouthState Corporation
SSTK,"Shutterstock, Inc."
SRRK,Scholar Rock Holding Corporation
SSTI,"ShotSpotter, Inc."
SST,"System1, Inc."
SSP,The E.W. Scripps Company
STAA,STAAR Surgical Company
SSD,"Simpson Manufacturing Co., Inc."
STEM,"Stem, Inc."
STEL,"Stellar Bancorp, Inc."
STER,Sterling Check Corp.
STEP,StepStone Group Inc.
STKL,SunOpta Inc.
STC,Stewart Information Services Corporation
STBA,"S&T Bancorp, Inc."
STGW,Stagwell Inc.
STNG,Scorpio Tankers Inc.
STRA,"Strategic Education, Inc."
STR,Sitio Royalties Corp.
STNE,StoneCo Ltd.
STOK,"Stoke Therapeutics, Inc."
STKS,"The ONE Group Hospitality, Inc."
STRS,Stratus Properties Inc.
STHO,Star Holdings
STRL,"Sterling Infrastructure, Inc."
SVC,Service Properties Trust
STRO,"Sutro Biopharma, Inc."
SUPN,"Supernus Pharmaceuticals, Inc."
SVV,"Savers Value Village, Inc."
SUM,"Summit Materials, Inc."
SWBI,"Smith & Wesson Brands, Inc."
SWKH,SWK Holdings Corporation
SVRA,Savara Inc.
SWTX,"SpringWorks Therapeutics, Inc."
SWIM,"Latham Group, Inc."
SXC,"SunCoke Energy, Inc."
SXI,Standex International Corporation
SWX,"Southwest Gas Holdings, Inc."
SXT,Sensient Technologies Corporation
SYNA,Synaptics Incorporated
SYBT,"Stock Yards Bancorp, Inc."
SWI,SolarWinds Corporation
TALO,Talos Energy Inc.
TARS,"Tarsus Pharmaceuticals, Inc."
TBI,"TrueBlue, Inc."
TARO,Taro Pharmaceutical Industries Ltd.
TAST,"Carrols Restaurant Group, Inc."
TCBI,"Texas Capital Bancshares, Inc."
TBBK,"The Bancorp, Inc."
TCBK,TriCo Bancshares
TBPH,"Theravance Biopharma, Inc."
TCBX,"Third Coast Bancshares, Inc."
TDW,Tidewater Inc.
TCX,Tucows Inc.
TELL,Tellurian Inc.
TELA,"TELA Bio, Inc."
TDUP,ThredUp Inc.
TCI,"Transcontinental Realty Investors, Inc."
TDS,"Telephone and Data Systems, Inc."
TERN,"Terns Pharmaceuticals, Inc."
TCMD,"Tactile Systems Technology, Inc."
TGNA,TEGNA Inc.
TFIN,"Triumph Financial, Inc."
TENB,"Tenable Holdings, Inc."
TGTX,"TG Therapeutics, Inc."
TGAN,"Transphorm, Inc."
TEX,Terex Corporation
THFF,First Financial Corporation
TGH,Textainer Group Holdings Limited
TG,Tredegar Corporation
TGI,"Triumph Group, Inc."
THRD,"Third Harmonic Bio, Inc."
TITN,Titan Machinery Inc.
THRY,"Thryv Holdings, Inc."
TH,Target Hospitality Corp.
THR,"Thermon Group Holdings, Inc."
TILE,"Interface, Inc."
TIPT,Tiptree Inc.
THRM,Gentherm Incorporated
THS,"TreeHouse Foods, Inc."
TIO,"Tingo Group, Inc."
TK,Teekay Corporation
TMCI,"Treace Medical Concepts, Inc."
TLYS,"Tilly's, Inc."
TMDX,"TransMedics Group, Inc."
TMHC,Taylor Morrison Home Corporation
TNGX,"Tango Therapeutics, Inc."
TNC,Tennant Company
TMP,Tompkins Financial Corporation
TNYA,"Tenaya Therapeutics, Inc."
TNET,"TriNet Group, Inc."
TMST,TimkenSteel Corporation
TNK,Teekay Tankers Ltd.
TPB,"Turning Point Brands, Inc."
TPC,Tutor Perini Corporation
TOWN,TowneBank
TPIC,"TPI Composites, Inc."
TRDA,"Entrada Therapeutics, Inc."
TRC,Tejon Ranch Co.
TREE,"LendingTree, Inc."
TPH,"Tri Pointe Homes, Inc."
TRN,"Trinity Industries, Inc."
TRST,TrustCo Bank Corp NY
TRMK,Trustmark Corporation
TRS,TriMas Corporation
TRNO,Terreno Realty Corporation
TRTX,"TPG RE Finance Trust, Inc."
TRNS,"Transcat, Inc."
TRUE,"TrueCar, Inc."
TROX,Tronox Holdings plc
TRUP,"Trupanion, Inc."
TRVI,"Trevi Therapeutics, Inc."
TSE,Trinseo PLC
TSBX,Turnstone Biologics Corp.
TSQ,"Townsquare Media, Inc."
TTGT,"TechTarget, Inc."
TTSH,"Tile Shop Holdings, Inc."
TSVT,"2seventy bio, Inc."
TSBK,"Timberland Bancorp, Inc."
TTEC,"TTEC Holdings, Inc."
TWO,Two Harbors Investment Corp.
TWST,Twist Bioscience Corporation
UBSI,"United Bankshares, Inc."
TWI,"Titan International, Inc."
UCBI,"United Community Banks, Inc."
TTI,"TETRA Technologies, Inc."
TTMI,"TTM Technologies, Inc."
TYRA,"Tyra Biosciences, Inc."
TVTX,"Travere Therapeutics, Inc."
TUSK,"Mammoth Energy Services, Inc."
UEC,Uranium Energy Corp.
TWKS,"Thoughtworks Holding, Inc."
UE,Urban Edge Properties
UDMY,"Udemy, Inc."
UCTT,"Ultra Clean Holdings, Inc."
UHT,Universal Health Realty Income Trust
UIS,Unisys Corporation
UFCS,"United Fire Group, Inc."
UFPT,"UFP Technologies, Inc."
UMBF,UMB Financial Corporation
UHG,"United Homes Group, Inc."
ULH,"Universal Logistics Holdings, Inc."
UFPI,"UFP Industries, Inc."
ULCC,"Frontier Group Holdings, Inc."
UMH,"UMH Properties, Inc."
UNF,UniFirst Corporation
UNFI,"United Natural Foods, Inc."
UNTY,"Unity Bancorp, Inc."
UONE,"Urban One, Inc."
UNIT,Uniti Group Inc.
UONEK,"Urban One, Inc."
UPBD,"Upbound Group, Inc."
USCB,"USCB Financial Holdings, Inc."
UPST,"Upstart Holdings, Inc."
URBN,"Urban Outfitters, Inc."
URGN,UroGen Pharma Ltd.
USLM,"United States Lime & Minerals, Inc."
UTL,Unitil Corporation
UTZ,"Utz Brands, Inc."
UTI,"Universal Technical Institute, Inc."
USNA,"USANA Health Sciences, Inc."
UPWK,Upwork Inc.
UVE,"Universal Insurance Holdings, Inc."
USPH,"U.S. Physical Therapy, Inc."
UVSP,Univest Financial Corporation
UTMD,"Utah Medical Products, Inc."
VATE,INNOVATE Corp.
VAXX,"Vaxxinity, Inc."
VABK,Virginia National Bankshares Corporation
VCTR,"Victory Capital Holdings, Inc."
UVV,Universal Corporation
UUUU,Energy Fuels Inc.
VAL,Valaris Limited
VCYT,"Veracyte, Inc."
VC,Visteon Corporation
VERI,"Veritone, Inc."
VBTX,"Veritex Holdings, Inc."
VCEL,Vericel Corporation
VGAS,"Verde Clean Fuels, Inc."
VEL,"Velocity Financial, Inc."
VGR,Vector Group Ltd.
VALU,"Value Line, Inc."
VECO,Veeco Instruments Inc.
VICR,Vicor Corporation
VIAV,Viavi Solutions Inc.
VERA,"Vera Therapeutics, Inc."
VIGL,"Vigil Neuroscience, Inc."
VLD,"Velo3D, Inc."
VERV,"Verve Therapeutics, Inc."
VIR,"Vir Biotechnology, Inc."
VHI,"Valhi, Inc."
VITL,"Vital Farms, Inc."
VLGEA,"Village Super Market, Inc."
VMD,"Viemed Healthcare, Inc."
VLY,Valley National Bancorp
VKTX,"Viking Therapeutics, Inc."
VOXX,VOXX International Corporation
VOR,Vor Biopharma Inc.
VPG,"Vishay Precision Group, Inc."
VNDA,Vanda Pharmaceuticals Inc.
VRA,"Vera Bradley, Inc."
VMEO,"Vimeo, Inc."
VRDN,"Viridian Therapeutics, Inc."
VRCA,Verrica Pharmaceuticals Inc.
VRE,"Veris Residential, Inc."
VRTS,"Virtus Investment Partners, Inc."
VREX,Varex Imaging Corporation
VRNT,Verint Systems Inc.
VRRM,Verra Mobility Corporation
VSH,"Vishay Intertechnology, Inc."
VSTO,Vista Outdoor Inc.
VTNR,"Vertex Energy, Inc."
VRNS,"Varonis Systems, Inc."
VTYX,"Ventyx Biosciences, Inc."
VSEC,VSE Corporation
VTOL,Bristow Group Inc.
VVX,"V2X, Inc."
VYGR,"Voyager Therapeutics, Inc."
VZIO,VIZIO Holding Corp.
VUZI,Vuzix Corporation
VVI,Viad Corp
VTS,"Vitesse Energy, Inc."
VTLE,"Vital Energy, Inc."
WALD,Waldencast plc
WAFD,"Washington Federal, Inc."
WASH,"Washington Trust Bancorp, Inc."
WD,"Walker & Dunlop, Inc."
WEYS,"Weyco Group, Inc."
WABC,Westamerica Bancorporation
WEST,"Westrock Coffee Company, LLC"
WERN,"Werner Enterprises, Inc."
WGO,"Winnebago Industries, Inc."
WHD,"Cactus, Inc."
WEAV,"Weave Communications, Inc."
WFRD,Weatherford International plc
WK,Workiva Inc.
WDFC,WD-40 Company
WIRE,Encore Wire Corporation
WINA,Winmark Corporation
WLDN,"Willdan Group, Inc."
WISH,ContextLogic Inc.
WLY,"John Wiley & Sons, Inc."
WKC,World Kinect Corporation
WKHS,Workhorse Group Inc.
WLLAW,Chord Energy Corporation
WOR,"Worthington Industries, Inc."
WNC,Wabash National Corporation
WLLBW,Chord Energy Corporation
WMK,"Weis Markets, Inc."
WLFC,Willis Lease Finance Corporation
WRBY,Warby Parker Inc.
WOW,"WideOpenWest, Inc."
WSBF,"Waterstone Financial, Inc."
WTBA,"West Bancorporation, Inc."
WSBC,"WesBanco, Inc."
WTS,"Watts Water Technologies, Inc."
WRLD,World Acceptance Corporation
WS,"Worthington Steel, Inc."
WTI,"W&T Offshore, Inc."
WSFS,WSFS Financial Corporation
XERS,"Xeris Biopharma Holdings, Inc."
WT,"WisdomTree, Inc."
XAIR,"Beyond Air, Inc."
WSR,Whitestone REIT
XFOR,"X4 Pharmaceuticals, Inc."
WTTR,"Select Energy Services, Inc."
XHR,"Xenia Hotels & Resorts, Inc."
WVE,Wave Life Sciences Ltd.
WW,"WW International, Inc."
WULF,TeraWulf Inc.
XPER,Xperi Holding Corporation
XOMA,XOMA Corporation
XNCR,"Xencor, Inc."
XPEL,"XPEL, Inc."
WWW,"Wolverine World Wide, Inc."
XPOF,"Xponential Fitness, Inc."
XMTR,"Xometry, Inc."
XRX,Xerox Holdings Corporation
YOU,"Clear Secure, Inc."
YELP,Yelp Inc.
XPRO,Expro Group Holdings N.V.
YEXT,"Yext, Inc."
YORW,The York Water Company
YMAB,"Y-mAbs Therapeutics, Inc."
ZETA,Zeta Global Holdings Corp.
ZIP,"ZipRecruiter, Inc."
ZD,"Ziff Davis, Inc."
ZEUS,"Olympic Steel, Inc."
ZVIA,Zevia PBC
ZUMZ,Zumiez Inc.
ZYXI,"Zynex, Inc."
ZIMV,ZimVie Inc.
ZNTL,"Zentalis Pharmaceuticals, Inc."
ZVRA,"Zevra Therapeutics, Inc."
ZYME,Zymeworks Inc.
ZUO,"Zuora, Inc."
ZWS,Zurn Elkay Water Solutions Corporation
ZURA,Zura Bio Limited
